YEAR,MONTH,STATE,FIRES,MEETING_DATE
1998,JAN,Acre,0,1998-01-01
1999,JAN,Acre,0,1999-01-01
2000,JAN,Acre,0,2000-01-01
2001,JAN,Acre,0,2001-01-01
2002,JAN,Acre,0,2002-01-01
2003,JAN,Acre,10,2003-01-01
2004,JAN,Acre,0,2004-01-01
2005,JAN,Acre,12,2005-01-01
2006,JAN,Acre,4,2006-01-01
2007,JAN,Acre,0,2007-01-01
2008,JAN,Acre,0,2008-01-01
2009,JAN,Acre,0,2009-01-01
2010,JAN,Acre,1,2010-01-01
2011,JAN,Acre,0,2011-01-01
2012,JAN,Acre,0,2012-01-01
2013,JAN,Acre,0,2013-01-01
2014,JAN,Acre,0,2014-01-01
2015,JAN,Acre,1,2015-01-01
2016,JAN,Acre,12,2016-01-01
2017,JAN,Acre,0,2017-01-01
1998,FEB,Acre,0,1998-01-01
1999,FEB,Acre,0,1999-01-01
2000,FEB,Acre,0,2000-01-01
2001,FEB,Acre,0,2001-01-01
2002,FEB,Acre,1,2002-01-01
2003,FEB,Acre,0,2003-01-01
2004,FEB,Acre,3,2004-01-01
2005,FEB,Acre,0,2005-01-01
2006,FEB,Acre,0,2006-01-01
2007,FEB,Acre,5,2007-01-01
2008,FEB,Acre,0,2008-01-01
2009,FEB,Acre,2,2009-01-01
2010,FEB,Acre,0,2010-01-01
2011,FEB,Acre,0,2011-01-01
2012,FEB,Acre,0,2012-01-01
2013,FEB,Acre,0,2013-01-01
2014,FEB,Acre,0,2014-01-01
2015,FEB,Acre,2,2015-01-01
2016,FEB,Acre,5,2016-01-01
2017,FEB,Acre,1,2017-01-01
1998,MAR,Acre,0,1998-01-01
1999,MAR,Acre,0,1999-01-01
2000,MAR,Acre,11,2000-01-01
2001,MAR,Acre,0,2001-01-01
2002,MAR,Acre,0,2002-01-01
2003,MAR,Acre,0,2003-01-01
2004,MAR,Acre,0,2004-01-01
2005,MAR,Acre,3,2005-01-01
2006,MAR,Acre,0,2006-01-01
2007,MAR,Acre,2,2007-01-01
2008,MAR,Acre,0,2008-01-01
2009,MAR,Acre,1,2009-01-01
2010,MAR,Acre,0,2010-01-01
2011,MAR,Acre,0,2011-01-01
2012,MAR,Acre,1,2012-01-01
2013,MAR,Acre,2,2013-01-01
2014,MAR,Acre,1,2014-01-01
2015,MAR,Acre,2,2015-01-01
2016,MAR,Acre,0,2016-01-01
2017,MAR,Acre,0,2017-01-01
1998,APR,Acre,0,1998-01-01
1999,APR,Acre,0,1999-01-01
2000,APR,Acre,1,2000-01-01
2001,APR,Acre,0,2001-01-01
2002,APR,Acre,0,2002-01-01
2003,APR,Acre,1,2003-01-01
2004,APR,Acre,2,2004-01-01
2005,APR,Acre,1,2005-01-01
2006,APR,Acre,0,2006-01-01
2007,APR,Acre,0,2007-01-01
2008,APR,Acre,0,2008-01-01
2009,APR,Acre,0,2009-01-01
2010,APR,Acre,3,2010-01-01
2011,APR,Acre,2,2011-01-01
2012,APR,Acre,1,2012-01-01
2013,APR,Acre,19,2013-01-01
2014,APR,Acre,7,2014-01-01
2015,APR,Acre,3,2015-01-01
2016,APR,Acre,0,2016-01-01
2017,APR,Acre,1,2017-01-01
1998,MAY,Acre,0,1998-01-01
1999,MAY,Acre,0,1999-01-01
2000,MAY,Acre,1,2000-01-01
2001,MAY,Acre,0,2001-01-01
2002,MAY,Acre,0,2002-01-01
2003,MAY,Acre,6,2003-01-01
2004,MAY,Acre,7,2004-01-01
2005,MAY,Acre,2,2005-01-01
2006,MAY,Acre,8,2006-01-01
2007,MAY,Acre,1,2007-01-01
2008,MAY,Acre,0,2008-01-01
2009,MAY,Acre,3,2009-01-01
2010,MAY,Acre,9,2010-01-01
2011,MAY,Acre,3,2011-01-01
2012,MAY,Acre,3,2012-01-01
2013,MAY,Acre,4,2013-01-01
2014,MAY,Acre,1,2014-01-01
2015,MAY,Acre,2,2015-01-01
2016,MAY,Acre,21,2016-01-01
2017,MAY,Acre,10,2017-01-01
1998,JUNE,Acre,3,1998-01-01
1999,JUNE,Acre,0,1999-01-01
2000,JUNE,Acre,1,2000-01-01
2001,JUNE,Acre,1,2001-01-01
2002,JUNE,Acre,0,2002-01-01
2003,JUNE,Acre,0,2003-01-01
2004,JUNE,Acre,5,2004-01-01
2005,JUNE,Acre,27,2005-01-01
2006,JUNE,Acre,1,2006-01-01
2007,JUNE,Acre,4,2007-01-01
2008,JUNE,Acre,0,2008-01-01
2009,JUNE,Acre,0,2009-01-01
2010,JUNE,Acre,1,2010-01-01
2011,JUNE,Acre,10,2011-01-01
2012,JUNE,Acre,7,2012-01-01
2013,JUNE,Acre,8,2013-01-01
2014,JUNE,Acre,17,2014-01-01
2015,JUNE,Acre,40,2015-01-01
2016,JUNE,Acre,87,2016-01-01
2017,JUNE,Acre,45,2017-01-01
1998,JULY,Acre,37,1998-01-01
1999,JULY,Acre,1,1999-01-01
2000,JULY,Acre,1,2000-01-01
2001,JULY,Acre,3,2001-01-01
2002,JULY,Acre,39,2002-01-01
2003,JULY,Acre,168,2003-01-01
2004,JULY,Acre,42,2004-01-01
2005,JULY,Acre,0,2005-01-01
2006,JULY,Acre,33,2006-01-01
2007,JULY,Acre,29,2007-01-01
2008,JULY,Acre,41,2008-01-01
2009,JULY,Acre,31,2009-01-01
2010,JULY,Acre,126,2010-01-01
2011,JULY,Acre,93,2011-01-01
2012,JULY,Acre,71,2012-01-01
2013,JULY,Acre,54,2013-01-01
2014,JULY,Acre,60,2014-01-01
2015,JULY,Acre,109,2015-01-01
2016,JULY,Acre,533,2016-01-01
2017,JULY,Acre,457,2017-01-01
1998,AUG,Acre,130,1998-01-01
1999,AUG,Acre,63,1999-01-01
2000,AUG,Acre,136,2000-01-01
2001,AUG,Acre,396,2001-01-01
2002,AUG,Acre,728,2002-01-01
2003,AUG,Acre,2,2003-01-01
2004,AUG,Acre,645,2004-01-01
2005,AUG,Acre,4,2005-01-01
2006,AUG,Acre,839,2006-01-01
2007,AUG,Acre,960,2007-01-01
2008,AUG,Acre,445,2008-01-01
2009,AUG,Acre,194,2009-01-01
2010,AUG,Acre,2,2010-01-01
2011,AUG,Acre,425,2011-01-01
2012,AUG,Acre,739,2012-01-01
2013,AUG,Acre,679,2013-01-01
2014,AUG,Acre,1,2014-01-01
2015,AUG,Acre,1,2015-01-01
2016,AUG,Acre,2,2016-01-01
2017,AUG,Acre,1,2017-01-01
1998,SEPT,Acre,509,1998-01-01
1999,SEPT,Acre,209,1999-01-01
2000,SEPT,Acre,265,2000-01-01
2001,SEPT,Acre,290,2001-01-01
2002,SEPT,Acre,2,2002-01-01
2003,SEPT,Acre,4,2003-01-01
2004,SEPT,Acre,2,2004-01-01
2005,SEPT,Acre,4,2005-01-01
2006,SEPT,Acre,2,2006-01-01
2007,SEPT,Acre,2,2007-01-01
2008,SEPT,Acre,2,2008-01-01
2009,SEPT,Acre,1,2009-01-01
2010,SEPT,Acre,3,2010-01-01
2011,SEPT,Acre,1,2011-01-01
2012,SEPT,Acre,2,2012-01-01
2013,SEPT,Acre,2,2013-01-01
2014,SEPT,Acre,2,2014-01-01
2015,SEPT,Acre,3,2015-01-01
2016,SEPT,Acre,4,2016-01-01
2017,SEPT,Acre,3,2017-01-01
1998,OCT,Acre,44,1998-01-01
1999,OCT,Acre,60,1999-01-01
2000,OCT,Acre,18,2000-01-01
2001,OCT,Acre,137,2001-01-01
2002,OCT,Acre,687,2002-01-01
2003,OCT,Acre,740,2003-01-01
2004,OCT,Acre,461,2004-01-01
2005,OCT,Acre,547,2005-01-01
2006,OCT,Acre,316,2006-01-01
2007,OCT,Acre,203,2007-01-01
2008,OCT,Acre,652,2008-01-01
2009,OCT,Acre,565,2009-01-01
2010,OCT,Acre,292,2010-01-01
2011,OCT,Acre,97,2011-01-01
2012,OCT,Acre,348,2012-01-01
2013,OCT,Acre,258,2013-01-01
2014,OCT,Acre,406,2014-01-01
2015,OCT,Acre,905,2015-01-01
2016,OCT,Acre,509,2016-01-01
2017,OCT,Acre,2,2017-01-01
1998,NOV,Acre,0,1998-01-01
1999,NOV,Acre,0,1999-01-01
2000,NOV,Acre,0,2000-01-01
2001,NOV,Acre,1,2001-01-01
2002,NOV,Acre,86,2002-01-01
2003,NOV,Acre,15,2003-01-01
2004,NOV,Acre,0,2004-01-01
2005,NOV,Acre,14,2005-01-01
2006,NOV,Acre,18,2006-01-01
2007,NOV,Acre,7,2007-01-01
2008,NOV,Acre,4,2008-01-01
2009,NOV,Acre,33,2009-01-01
2010,NOV,Acre,39,2010-01-01
2011,NOV,Acre,74,2011-01-01
2012,NOV,Acre,13,2012-01-01
2013,NOV,Acre,79,2013-01-01
2014,NOV,Acre,56,2014-01-01
2015,NOV,Acre,0,2015-01-01
2016,NOV,Acre,46,2016-01-01
2017,NOV,Acre,98,2017-01-01
1998,DEC,Acre,7,1998-01-01
1999,DEC,Acre,0,1999-01-01
2000,DEC,Acre,0,2000-01-01
2001,DEC,Acre,0,2001-01-01
2002,DEC,Acre,1,2002-01-01
2003,DEC,Acre,1,2003-01-01
2004,DEC,Acre,7,2004-01-01
2005,DEC,Acre,2,2005-01-01
2006,DEC,Acre,0,2006-01-01
2007,DEC,Acre,0,2007-01-01
2008,DEC,Acre,0,2008-01-01
2009,DEC,Acre,1,2009-01-01
2010,DEC,Acre,0,2010-01-01
2011,DEC,Acre,4,2011-01-01
2012,DEC,Acre,1,2012-01-01
2013,DEC,Acre,3,2013-01-01
2014,DEC,Acre,6,2014-01-01
2015,DEC,Acre,8,2015-01-01
2016,DEC,Acre,6,2016-01-01
1998,JAN,Alagoas,0,1998-01-01
1999,JAN,Alagoas,58,1999-01-01
2000,JAN,Alagoas,11,2000-01-01
2001,JAN,Alagoas,5,2001-01-01
2002,JAN,Alagoas,12,2002-01-01
2003,JAN,Alagoas,150,2003-01-01
2004,JAN,Alagoas,9,2004-01-01
2005,JAN,Alagoas,83,2005-01-01
2006,JAN,Alagoas,29,2006-01-01
2007,JAN,Alagoas,33,2007-01-01
2008,JAN,Alagoas,55,2008-01-01
2009,JAN,Alagoas,104,2009-01-01
2010,JAN,Alagoas,23,2010-01-01
2011,JAN,Alagoas,41,2011-01-01
2012,JAN,Alagoas,36,2012-01-01
2013,JAN,Alagoas,49,2013-01-01
2014,JAN,Alagoas,54,2014-01-01
2015,JAN,Alagoas,81,2015-01-01
2016,JAN,Alagoas,24,2016-01-01
2017,JAN,Alagoas,38,2017-01-01
1998,FEB,Alagoas,0,1998-01-01
1999,FEB,Alagoas,20,1999-01-01
2000,FEB,Alagoas,16,2000-01-01
2001,FEB,Alagoas,4,2001-01-01
2002,FEB,Alagoas,15,2002-01-01
2003,FEB,Alagoas,33,2003-01-01
2004,FEB,Alagoas,7,2004-01-01
2005,FEB,Alagoas,31,2005-01-01
2006,FEB,Alagoas,14,2006-01-01
2007,FEB,Alagoas,28,2007-01-01
2008,FEB,Alagoas,74,2008-01-01
2009,FEB,Alagoas,32,2009-01-01
2010,FEB,Alagoas,26,2010-01-01
2011,FEB,Alagoas,33,2011-01-01
2012,FEB,Alagoas,41,2012-01-01
2013,FEB,Alagoas,19,2013-01-01
2014,FEB,Alagoas,29,2014-01-01
2015,FEB,Alagoas,46,2015-01-01
2016,FEB,Alagoas,14,2016-01-01
2017,FEB,Alagoas,21,2017-01-01
1998,MAR,Alagoas,0,1998-01-01
1999,MAR,Alagoas,52,1999-01-01
2000,MAR,Alagoas,32,2000-01-01
2001,MAR,Alagoas,0,2001-01-01
2002,MAR,Alagoas,27,2002-01-01
2003,MAR,Alagoas,15,2003-01-01
2004,MAR,Alagoas,16,2004-01-01
2005,MAR,Alagoas,35,2005-01-01
2006,MAR,Alagoas,37,2006-01-01
2007,MAR,Alagoas,7,2007-01-01
2008,MAR,Alagoas,31,2008-01-01
2009,MAR,Alagoas,31,2009-01-01
2010,MAR,Alagoas,70,2010-01-01
2011,MAR,Alagoas,34,2011-01-01
2012,MAR,Alagoas,44,2012-01-01
2013,MAR,Alagoas,31,2013-01-01
2014,MAR,Alagoas,28,2014-01-01
2015,MAR,Alagoas,32,2015-01-01
2016,MAR,Alagoas,9,2016-01-01
2017,MAR,Alagoas,23,2017-01-01
1998,APR,Alagoas,0,1998-01-01
1999,APR,Alagoas,4,1999-01-01
2000,APR,Alagoas,20,2000-01-01
2001,APR,Alagoas,0,2001-01-01
2002,APR,Alagoas,6,2002-01-01
2003,APR,Alagoas,20,2003-01-01
2004,APR,Alagoas,6,2004-01-01
2005,APR,Alagoas,1,2005-01-01
2006,APR,Alagoas,2,2006-01-01
2007,APR,Alagoas,1,2007-01-01
2008,APR,Alagoas,18,2008-01-01
2009,APR,Alagoas,5,2009-01-01
2010,APR,Alagoas,3,2010-01-01
2011,APR,Alagoas,17,2011-01-01
2012,APR,Alagoas,18,2012-01-01
2013,APR,Alagoas,25,2013-01-01
2014,APR,Alagoas,16,2014-01-01
2015,APR,Alagoas,63,2015-01-01
2016,APR,Alagoas,13,2016-01-01
2017,APR,Alagoas,7,2017-01-01
1998,MAY,Alagoas,0,1998-01-01
1999,MAY,Alagoas,1,1999-01-01
2000,MAY,Alagoas,1,2000-01-01
2001,MAY,Alagoas,2,2001-01-01
2002,MAY,Alagoas,1,2002-01-01
2003,MAY,Alagoas,1,2003-01-01
2004,MAY,Alagoas,3,2004-01-01
2005,MAY,Alagoas,0,2005-01-01
2006,MAY,Alagoas,0,2006-01-01
2007,MAY,Alagoas,0,2007-01-01
2008,MAY,Alagoas,0,2008-01-01
2009,MAY,Alagoas,0,2009-01-01
2010,MAY,Alagoas,0,2010-01-01
2011,MAY,Alagoas,0,2011-01-01
2012,MAY,Alagoas,21,2012-01-01
2013,MAY,Alagoas,2,2013-01-01
2014,MAY,Alagoas,1,2014-01-01
2015,MAY,Alagoas,18,2015-01-01
2016,MAY,Alagoas,4,2016-01-01
2017,MAY,Alagoas,1,2017-01-01
1998,JUNE,Alagoas,0,1998-01-01
1999,JUNE,Alagoas,0,1999-01-01
2000,JUNE,Alagoas,0,2000-01-01
2001,JUNE,Alagoas,2,2001-01-01
2002,JUNE,Alagoas,0,2002-01-01
2003,JUNE,Alagoas,0,2003-01-01
2004,JUNE,Alagoas,0,2004-01-01
2005,JUNE,Alagoas,0,2005-01-01
2006,JUNE,Alagoas,0,2006-01-01
2007,JUNE,Alagoas,0,2007-01-01
2008,JUNE,Alagoas,0,2008-01-01
2009,JUNE,Alagoas,0,2009-01-01
2010,JUNE,Alagoas,0,2010-01-01
2011,JUNE,Alagoas,2,2011-01-01
2012,JUNE,Alagoas,4,2012-01-01
2013,JUNE,Alagoas,1,2013-01-01
2014,JUNE,Alagoas,2,2014-01-01
2015,JUNE,Alagoas,2,2015-01-01
2016,JUNE,Alagoas,5,2016-01-01
2017,JUNE,Alagoas,2,2017-01-01
1998,JULY,Alagoas,0,1998-01-01
1999,JULY,Alagoas,0,1999-01-01
2000,JULY,Alagoas,0,2000-01-01
2001,JULY,Alagoas,0,2001-01-01
2002,JULY,Alagoas,5,2002-01-01
2003,JULY,Alagoas,0,2003-01-01
2004,JULY,Alagoas,0,2004-01-01
2005,JULY,Alagoas,0,2005-01-01
2006,JULY,Alagoas,0,2006-01-01
2007,JULY,Alagoas,0,2007-01-01
2008,JULY,Alagoas,0,2008-01-01
2009,JULY,Alagoas,0,2009-01-01
2010,JULY,Alagoas,2,2010-01-01
2011,JULY,Alagoas,0,2011-01-01
2012,JULY,Alagoas,0,2012-01-01
2013,JULY,Alagoas,0,2013-01-01
2014,JULY,Alagoas,1,2014-01-01
2015,JULY,Alagoas,0,2015-01-01
2016,JULY,Alagoas,3,2016-01-01
2017,JULY,Alagoas,0,2017-01-01
1998,AUG,Alagoas,1,1998-01-01
1999,AUG,Alagoas,3,1999-01-01
2000,AUG,Alagoas,4,2000-01-01
2001,AUG,Alagoas,1,2001-01-01
2002,AUG,Alagoas,3,2002-01-01
2003,AUG,Alagoas,2,2003-01-01
2004,AUG,Alagoas,2,2004-01-01
2005,AUG,Alagoas,2,2005-01-01
2006,AUG,Alagoas,1,2006-01-01
2007,AUG,Alagoas,3,2007-01-01
2008,AUG,Alagoas,1,2008-01-01
2009,AUG,Alagoas,0,2009-01-01
2010,AUG,Alagoas,1,2010-01-01
2011,AUG,Alagoas,4,2011-01-01
2012,AUG,Alagoas,0,2012-01-01
2013,AUG,Alagoas,0,2013-01-01
2014,AUG,Alagoas,3,2014-01-01
2015,AUG,Alagoas,3,2015-01-01
2016,AUG,Alagoas,5,2016-01-01
2017,AUG,Alagoas,1,2017-01-01
1998,SEPT,Alagoas,14,1998-01-01
1999,SEPT,Alagoas,3,1999-01-01
2000,SEPT,Alagoas,22,2000-01-01
2001,SEPT,Alagoas,5,2001-01-01
2002,SEPT,Alagoas,14,2002-01-01
2003,SEPT,Alagoas,8,2003-01-01
2004,SEPT,Alagoas,5,2004-01-01
2005,SEPT,Alagoas,7,2005-01-01
2006,SEPT,Alagoas,4,2006-01-01
2007,SEPT,Alagoas,2,2007-01-01
2008,SEPT,Alagoas,9,2008-01-01
2009,SEPT,Alagoas,13,2009-01-01
2010,SEPT,Alagoas,5,2010-01-01
2011,SEPT,Alagoas,5,2011-01-01
2012,SEPT,Alagoas,6,2012-01-01
2013,SEPT,Alagoas,4,2013-01-01
2014,SEPT,Alagoas,11,2014-01-01
2015,SEPT,Alagoas,7,2015-01-01
2016,SEPT,Alagoas,18,2016-01-01
2017,SEPT,Alagoas,4,2017-01-01
1998,OCT,Alagoas,20,1998-01-01
1999,OCT,Alagoas,4,1999-01-01
2000,OCT,Alagoas,13,2000-01-01
2001,OCT,Alagoas,15,2001-01-01
2002,OCT,Alagoas,30,2002-01-01
2003,OCT,Alagoas,10,2003-01-01
2004,OCT,Alagoas,12,2004-01-01
2005,OCT,Alagoas,17,2005-01-01
2006,OCT,Alagoas,32,2006-01-01
2007,OCT,Alagoas,6,2007-01-01
2008,OCT,Alagoas,18,2008-01-01
2009,OCT,Alagoas,30,2009-01-01
2010,OCT,Alagoas,16,2010-01-01
2011,OCT,Alagoas,23,2011-01-01
2012,OCT,Alagoas,28,2012-01-01
2013,OCT,Alagoas,25,2013-01-01
2014,OCT,Alagoas,7,2014-01-01
2015,OCT,Alagoas,40,2015-01-01
2016,OCT,Alagoas,74,2016-01-01
2017,OCT,Alagoas,14,2017-01-01
1998,NOV,Alagoas,19,1998-01-01
1999,NOV,Alagoas,15,1999-01-01
2000,NOV,Alagoas,2,2000-01-01
2001,NOV,Alagoas,22,2001-01-01
2002,NOV,Alagoas,0,2002-01-01
2003,NOV,Alagoas,17,2003-01-01
2004,NOV,Alagoas,28,2004-01-01
2005,NOV,Alagoas,25,2005-01-01
2006,NOV,Alagoas,12,2006-01-01
2007,NOV,Alagoas,15,2007-01-01
2008,NOV,Alagoas,37,2008-01-01
2009,NOV,Alagoas,55,2009-01-01
2010,NOV,Alagoas,31,2010-01-01
2011,NOV,Alagoas,23,2011-01-01
2012,NOV,Alagoas,95,2012-01-01
2013,NOV,Alagoas,10,2013-01-01
2014,NOV,Alagoas,14,2014-01-01
2015,NOV,Alagoas,162,2015-01-01
2016,NOV,Alagoas,76,2016-01-01
2017,NOV,Alagoas,10,2017-01-01
1998,DEC,Alagoas,32,1998-01-01
1999,DEC,Alagoas,12,1999-01-01
2000,DEC,Alagoas,2,2000-01-01
2001,DEC,Alagoas,30,2001-01-01
2002,DEC,Alagoas,95,2002-01-01
2003,DEC,Alagoas,43,2003-01-01
2004,DEC,Alagoas,71,2004-01-01
2005,DEC,Alagoas,16,2005-01-01
2006,DEC,Alagoas,30,2006-01-01
2007,DEC,Alagoas,33,2007-01-01
2008,DEC,Alagoas,34,2008-01-01
2009,DEC,Alagoas,55,2009-01-01
2010,DEC,Alagoas,45,2010-01-01
2011,DEC,Alagoas,50,2011-01-01
2012,DEC,Alagoas,59,2012-01-01
2013,DEC,Alagoas,42,2013-01-01
2014,DEC,Alagoas,24,2014-01-01
2015,DEC,Alagoas,136,2015-01-01
2016,DEC,Alagoas,155,2016-01-01
1998,JAN,Amapa,0,1998-01-01
1999,JAN,Amapa,0,1999-01-01
2000,JAN,Amapa,2,2000-01-01
2001,JAN,Amapa,0,2001-01-01
2002,JAN,Amapa,7,2002-01-01
2003,JAN,Amapa,31,2003-01-01
2004,JAN,Amapa,38,2004-01-01
2005,JAN,Amapa,109,2005-01-01
2006,JAN,Amapa,6,2006-01-01
2007,JAN,Amapa,0,2007-01-01
2008,JAN,Amapa,2,2008-01-01
2009,JAN,Amapa,4,2009-01-01
2010,JAN,Amapa,2,2010-01-01
2011,JAN,Amapa,0,2011-01-01
2012,JAN,Amapa,30,2012-01-01
2013,JAN,Amapa,3,2013-01-01
2014,JAN,Amapa,10,2014-01-01
2015,JAN,Amapa,14,2015-01-01
2016,JAN,Amapa,19,2016-01-01
2017,JAN,Amapa,2,2017-01-01
1998,FEB,Amapa,0,1998-01-01
1999,FEB,Amapa,1,1999-01-01
2000,FEB,Amapa,0,2000-01-01
2001,FEB,Amapa,0,2001-01-01
2002,FEB,Amapa,2,2002-01-01
2003,FEB,Amapa,0,2003-01-01
2004,FEB,Amapa,2,2004-01-01
2005,FEB,Amapa,1,2005-01-01
2006,FEB,Amapa,2,2006-01-01
2007,FEB,Amapa,0,2007-01-01
2008,FEB,Amapa,0,2008-01-01
2009,FEB,Amapa,0,2009-01-01
2010,FEB,Amapa,0,2010-01-01
2011,FEB,Amapa,3,2011-01-01
2012,FEB,Amapa,5,2012-01-01
2013,FEB,Amapa,0,2013-01-01
2014,FEB,Amapa,2,2014-01-01
2015,FEB,Amapa,1,2015-01-01
2016,FEB,Amapa,1,2016-01-01
2017,FEB,Amapa,0,2017-01-01
1998,MAR,Amapa,0,1998-01-01
1999,MAR,Amapa,2,1999-01-01
2000,MAR,Amapa,0,2000-01-01
2001,MAR,Amapa,0,2001-01-01
2002,MAR,Amapa,0,2002-01-01
2003,MAR,Amapa,1,2003-01-01
2004,MAR,Amapa,0,2004-01-01
2005,MAR,Amapa,0,2005-01-01
2006,MAR,Amapa,0,2006-01-01
2007,MAR,Amapa,0,2007-01-01
2008,MAR,Amapa,1,2008-01-01
2009,MAR,Amapa,1,2009-01-01
2010,MAR,Amapa,2,2010-01-01
2011,MAR,Amapa,0,2011-01-01
2012,MAR,Amapa,1,2012-01-01
2013,MAR,Amapa,0,2013-01-01
2014,MAR,Amapa,1,2014-01-01
2015,MAR,Amapa,2,2015-01-01
2016,MAR,Amapa,5,2016-01-01
2017,MAR,Amapa,0,2017-01-01
1998,APR,Amapa,0,1998-01-01
1999,APR,Amapa,0,1999-01-01
2000,APR,Amapa,0,2000-01-01
2001,APR,Amapa,0,2001-01-01
2002,APR,Amapa,0,2002-01-01
2003,APR,Amapa,2,2003-01-01
2004,APR,Amapa,0,2004-01-01
2005,APR,Amapa,0,2005-01-01
2006,APR,Amapa,0,2006-01-01
2007,APR,Amapa,0,2007-01-01
2008,APR,Amapa,2,2008-01-01
2009,APR,Amapa,0,2009-01-01
2010,APR,Amapa,2,2010-01-01
2011,APR,Amapa,0,2011-01-01
2012,APR,Amapa,2,2012-01-01
2013,APR,Amapa,2,2013-01-01
2014,APR,Amapa,0,2014-01-01
2015,APR,Amapa,0,2015-01-01
2016,APR,Amapa,0,2016-01-01
2017,APR,Amapa,3,2017-01-01
1998,MAY,Amapa,0,1998-01-01
1999,MAY,Amapa,0,1999-01-01
2000,MAY,Amapa,0,2000-01-01
2001,MAY,Amapa,0,2001-01-01
2002,MAY,Amapa,3,2002-01-01
2003,MAY,Amapa,0,2003-01-01
2004,MAY,Amapa,0,2004-01-01
2005,MAY,Amapa,0,2005-01-01
2006,MAY,Amapa,0,2006-01-01
2007,MAY,Amapa,0,2007-01-01
2008,MAY,Amapa,0,2008-01-01
2009,MAY,Amapa,2,2009-01-01
2010,MAY,Amapa,2,2010-01-01
2011,MAY,Amapa,2,2011-01-01
2012,MAY,Amapa,2,2012-01-01
2013,MAY,Amapa,0,2013-01-01
2014,MAY,Amapa,0,2014-01-01
2015,MAY,Amapa,0,2015-01-01
2016,MAY,Amapa,1,2016-01-01
2017,MAY,Amapa,1,2017-01-01
1998,JUNE,Amapa,0,1998-01-01
1999,JUNE,Amapa,2,1999-01-01
2000,JUNE,Amapa,0,2000-01-01
2001,JUNE,Amapa,0,2001-01-01
2002,JUNE,Amapa,0,2002-01-01
2003,JUNE,Amapa,0,2003-01-01
2004,JUNE,Amapa,5,2004-01-01
2005,JUNE,Amapa,2,2005-01-01
2006,JUNE,Amapa,0,2006-01-01
2007,JUNE,Amapa,0,2007-01-01
2008,JUNE,Amapa,0,2008-01-01
2009,JUNE,Amapa,1,2009-01-01
2010,JUNE,Amapa,0,2010-01-01
2011,JUNE,Amapa,0,2011-01-01
2012,JUNE,Amapa,7,2012-01-01
2013,JUNE,Amapa,1,2013-01-01
2014,JUNE,Amapa,0,2014-01-01
2015,JUNE,Amapa,3,2015-01-01
2016,JUNE,Amapa,2,2016-01-01
2017,JUNE,Amapa,2,2017-01-01
1998,JULY,Amapa,0,1998-01-01
1999,JULY,Amapa,0,1999-01-01
2000,JULY,Amapa,0,2000-01-01
2001,JULY,Amapa,1,2001-01-01
2002,JULY,Amapa,1,2002-01-01
2003,JULY,Amapa,0,2003-01-01
2004,JULY,Amapa,2,2004-01-01
2005,JULY,Amapa,0,2005-01-01
2006,JULY,Amapa,0,2006-01-01
2007,JULY,Amapa,0,2007-01-01
2008,JULY,Amapa,0,2008-01-01
2009,JULY,Amapa,4,2009-01-01
2010,JULY,Amapa,2,2010-01-01
2011,JULY,Amapa,5,2011-01-01
2012,JULY,Amapa,3,2012-01-01
2013,JULY,Amapa,0,2013-01-01
2014,JULY,Amapa,4,2014-01-01
2015,JULY,Amapa,5,2015-01-01
2016,JULY,Amapa,1,2016-01-01
2017,JULY,Amapa,3,2017-01-01
1998,AUG,Amapa,1,1998-01-01
1999,AUG,Amapa,0,1999-01-01
2000,AUG,Amapa,3,2000-01-01
2001,AUG,Amapa,12,2001-01-01
2002,AUG,Amapa,18,2002-01-01
2003,AUG,Amapa,14,2003-01-01
2004,AUG,Amapa,9,2004-01-01
2005,AUG,Amapa,4,2005-01-01
2006,AUG,Amapa,11,2006-01-01
2007,AUG,Amapa,5,2007-01-01
2008,AUG,Amapa,4,2008-01-01
2009,AUG,Amapa,20,2009-01-01
2010,AUG,Amapa,1,2010-01-01
2011,AUG,Amapa,16,2011-01-01
2012,AUG,Amapa,19,2012-01-01
2013,AUG,Amapa,9,2013-01-01
2014,AUG,Amapa,18,2014-01-01
2015,AUG,Amapa,40,2015-01-01
2016,AUG,Amapa,37,2016-01-01
2017,AUG,Amapa,33,2017-01-01
1998,SEPT,Amapa,20,1998-01-01
1999,SEPT,Amapa,4,1999-01-01
2000,SEPT,Amapa,19,2000-01-01
2001,SEPT,Amapa,0,2001-01-01
2002,SEPT,Amapa,73,2002-01-01
2003,SEPT,Amapa,88,2003-01-01
2004,SEPT,Amapa,67,2004-01-01
2005,SEPT,Amapa,97,2005-01-01
2006,SEPT,Amapa,112,2006-01-01
2007,SEPT,Amapa,61,2007-01-01
2008,SEPT,Amapa,83,2008-01-01
2009,SEPT,Amapa,0,2009-01-01
2010,SEPT,Amapa,63,2010-01-01
2011,SEPT,Amapa,128,2011-01-01
2012,SEPT,Amapa,168,2012-01-01
2013,SEPT,Amapa,85,2013-01-01
2014,SEPT,Amapa,137,2014-01-01
2015,SEPT,Amapa,192,2015-01-01
2016,SEPT,Amapa,142,2016-01-01
2017,SEPT,Amapa,95,2017-01-01
1998,OCT,Amapa,42,1998-01-01
1999,OCT,Amapa,25,1999-01-01
2000,OCT,Amapa,42,2000-01-01
2001,OCT,Amapa,0,2001-01-01
2002,OCT,Amapa,557,2002-01-01
2003,OCT,Amapa,355,2003-01-01
2004,OCT,Amapa,412,2004-01-01
2005,OCT,Amapa,335,2005-01-01
2006,OCT,Amapa,405,2006-01-01
2007,OCT,Amapa,162,2007-01-01
2008,OCT,Amapa,395,2008-01-01
2009,OCT,Amapa,765,2009-01-01
2010,OCT,Amapa,265,2010-01-01
2011,OCT,Amapa,304,2011-01-01
2012,OCT,Amapa,475,2012-01-01
2013,OCT,Amapa,385,2013-01-01
2014,OCT,Amapa,480,2014-01-01
2015,OCT,Amapa,827,2015-01-01
2016,OCT,Amapa,793,2016-01-01
2017,OCT,Amapa,0,2017-01-01
1998,NOV,Amapa,131,1998-01-01
1999,NOV,Amapa,26,1999-01-01
2000,NOV,Amapa,157,2000-01-01
2001,NOV,Amapa,406,2001-01-01
2002,NOV,Amapa,1,2002-01-01
2003,NOV,Amapa,750,2003-01-01
2004,NOV,Amapa,949,2004-01-01
2005,NOV,Amapa,685,2005-01-01
2006,NOV,Amapa,207,2006-01-01
2007,NOV,Amapa,198,2007-01-01
2008,NOV,Amapa,266,2008-01-01
2009,NOV,Amapa,1,2009-01-01
2010,NOV,Amapa,339,2010-01-01
2011,NOV,Amapa,282,2011-01-01
2012,NOV,Amapa,969,2012-01-01
2013,NOV,Amapa,341,2013-01-01
2014,NOV,Amapa,484,2014-01-01
2015,NOV,Amapa,1,2015-01-01
2016,NOV,Amapa,1,2016-01-01
2017,NOV,Amapa,858,2017-01-01
1998,DEC,Amapa,84,1998-01-01
1999,DEC,Amapa,41,1999-01-01
2000,DEC,Amapa,30,2000-01-01
2001,DEC,Amapa,593,2001-01-01
2002,DEC,Amapa,200,2002-01-01
2003,DEC,Amapa,411,2003-01-01
2004,DEC,Amapa,0,2004-01-01
2005,DEC,Amapa,38,2005-01-01
2006,DEC,Amapa,74,2006-01-01
2007,DEC,Amapa,14,2007-01-01
2008,DEC,Amapa,32,2008-01-01
2009,DEC,Amapa,123,2009-01-01
2010,DEC,Amapa,43,2010-01-01
2011,DEC,Amapa,360,2011-01-01
2012,DEC,Amapa,422,2012-01-01
2013,DEC,Amapa,148,2013-01-01
2014,DEC,Amapa,354,2014-01-01
2015,DEC,Amapa,269,2015-01-01
2016,DEC,Amapa,491,2016-01-01
1998,JAN,Amazonas,0,1998-01-01
1999,JAN,Amazonas,3,1999-01-01
2000,JAN,Amazonas,7,2000-01-01
2001,JAN,Amazonas,3,2001-01-01
2002,JAN,Amazonas,17,2002-01-01
2003,JAN,Amazonas,158,2003-01-01
2004,JAN,Amazonas,123,2004-01-01
2005,JAN,Amazonas,44,2005-01-01
2006,JAN,Amazonas,20,2006-01-01
2007,JAN,Amazonas,37,2007-01-01
2008,JAN,Amazonas,16,2008-01-01
2009,JAN,Amazonas,9,2009-01-01
2010,JAN,Amazonas,82,2010-01-01
2011,JAN,Amazonas,53,2011-01-01
2012,JAN,Amazonas,6,2012-01-01
2013,JAN,Amazonas,37,2013-01-01
2014,JAN,Amazonas,46,2014-01-01
2015,JAN,Amazonas,35,2015-01-01
2016,JAN,Amazonas,770,2016-01-01
2017,JAN,Amazonas,65,2017-01-01
1998,FEB,Amazonas,0,1998-01-01
1999,FEB,Amazonas,43,1999-01-01
2000,FEB,Amazonas,62,2000-01-01
2001,FEB,Amazonas,8,2001-01-01
2002,FEB,Amazonas,2,2002-01-01
2003,FEB,Amazonas,62,2003-01-01
2004,FEB,Amazonas,92,2004-01-01
2005,FEB,Amazonas,6,2005-01-01
2006,FEB,Amazonas,10,2006-01-01
2007,FEB,Amazonas,92,2007-01-01
2008,FEB,Amazonas,32,2008-01-01
2009,FEB,Amazonas,3,2009-01-01
2010,FEB,Amazonas,81,2010-01-01
2011,FEB,Amazonas,30,2011-01-01
2012,FEB,Amazonas,25,2012-01-01
2013,FEB,Amazonas,16,2013-01-01
2014,FEB,Amazonas,49,2014-01-01
2015,FEB,Amazonas,107,2015-01-01
2016,FEB,Amazonas,275,2016-01-01
2017,FEB,Amazonas,52,2017-01-01
1998,MAR,Amazonas,0,1998-01-01
1999,MAR,Amazonas,7,1999-01-01
2000,MAR,Amazonas,69,2000-01-01
2001,MAR,Amazonas,6,2001-01-01
2002,MAR,Amazonas,5,2002-01-01
2003,MAR,Amazonas,64,2003-01-01
2004,MAR,Amazonas,6,2004-01-01
2005,MAR,Amazonas,12,2005-01-01
2006,MAR,Amazonas,20,2006-01-01
2007,MAR,Amazonas,6,2007-01-01
2008,MAR,Amazonas,0,2008-01-01
2009,MAR,Amazonas,11,2009-01-01
2010,MAR,Amazonas,116,2010-01-01
2011,MAR,Amazonas,0,2011-01-01
2012,MAR,Amazonas,17,2012-01-01
2013,MAR,Amazonas,49,2013-01-01
2014,MAR,Amazonas,50,2014-01-01
2015,MAR,Amazonas,46,2015-01-01
2016,MAR,Amazonas,140,2016-01-01
2017,MAR,Amazonas,45,2017-01-01
1998,APR,Amazonas,0,1998-01-01
1999,APR,Amazonas,2,1999-01-01
2000,APR,Amazonas,18,2000-01-01
2001,APR,Amazonas,1,2001-01-01
2002,APR,Amazonas,2,2002-01-01
2003,APR,Amazonas,11,2003-01-01
2004,APR,Amazonas,4,2004-01-01
2005,APR,Amazonas,5,2005-01-01
2006,APR,Amazonas,5,2006-01-01
2007,APR,Amazonas,0,2007-01-01
2008,APR,Amazonas,13,2008-01-01
2009,APR,Amazonas,1,2009-01-01
2010,APR,Amazonas,11,2010-01-01
2011,APR,Amazonas,0,2011-01-01
2012,APR,Amazonas,3,2012-01-01
2013,APR,Amazonas,0,2013-01-01
2014,APR,Amazonas,25,2014-01-01
2015,APR,Amazonas,24,2015-01-01
2016,APR,Amazonas,22,2016-01-01
2017,APR,Amazonas,20,2017-01-01
1998,MAY,Amazonas,0,1998-01-01
1999,MAY,Amazonas,0,1999-01-01
2000,MAY,Amazonas,51,2000-01-01
2001,MAY,Amazonas,0,2001-01-01
2002,MAY,Amazonas,8,2002-01-01
2003,MAY,Amazonas,2,2003-01-01
2004,MAY,Amazonas,0,2004-01-01
2005,MAY,Amazonas,8,2005-01-01
2006,MAY,Amazonas,4,2006-01-01
2007,MAY,Amazonas,0,2007-01-01
2008,MAY,Amazonas,1,2008-01-01
2009,MAY,Amazonas,3,2009-01-01
2010,MAY,Amazonas,13,2010-01-01
2011,MAY,Amazonas,6,2011-01-01
2012,MAY,Amazonas,12,2012-01-01
2013,MAY,Amazonas,19,2013-01-01
2014,MAY,Amazonas,12,2014-01-01
2015,MAY,Amazonas,10,2015-01-01
2016,MAY,Amazonas,30,2016-01-01
2017,MAY,Amazonas,40,2017-01-01
1998,JUNE,Amazonas,2,1998-01-01
1999,JUNE,Amazonas,7,1999-01-01
2000,JUNE,Amazonas,6,2000-01-01
2001,JUNE,Amazonas,5,2001-01-01
2002,JUNE,Amazonas,5,2002-01-01
2003,JUNE,Amazonas,3,2003-01-01
2004,JUNE,Amazonas,12,2004-01-01
2005,JUNE,Amazonas,78,2005-01-01
2006,JUNE,Amazonas,9,2006-01-01
2007,JUNE,Amazonas,23,2007-01-01
2008,JUNE,Amazonas,7,2008-01-01
2009,JUNE,Amazonas,13,2009-01-01
2010,JUNE,Amazonas,9,2010-01-01
2011,JUNE,Amazonas,22,2011-01-01
2012,JUNE,Amazonas,45,2012-01-01
2013,JUNE,Amazonas,56,2013-01-01
2014,JUNE,Amazonas,74,2014-01-01
2015,JUNE,Amazonas,33,2015-01-01
2016,JUNE,Amazonas,90,2016-01-01
2017,JUNE,Amazonas,119,2017-01-01
1998,JULY,Amazonas,71,1998-01-01
1999,JULY,Amazonas,11,1999-01-01
2000,JULY,Amazonas,39,2000-01-01
2001,JULY,Amazonas,9,2001-01-01
2002,JULY,Amazonas,146,2002-01-01
2003,JULY,Amazonas,180,2003-01-01
2004,JULY,Amazonas,177,2004-01-01
2005,JULY,Amazonas,676,2005-01-01
2006,JULY,Amazonas,123,2006-01-01
2007,JULY,Amazonas,116,2007-01-01
2008,JULY,Amazonas,108,2008-01-01
2009,JULY,Amazonas,199,2009-01-01
2010,JULY,Amazonas,640,2010-01-01
2011,JULY,Amazonas,271,2011-01-01
2012,JULY,Amazonas,234,2012-01-01
2013,JULY,Amazonas,248,2013-01-01
2014,JULY,Amazonas,202,2014-01-01
2015,JULY,Amazonas,356,2015-01-01
2016,JULY,Amazonas,1,2016-01-01
2017,JULY,Amazonas,2,2017-01-01
1998,AUG,Amazonas,321,1998-01-01
1999,AUG,Amazonas,259,1999-01-01
2000,AUG,Amazonas,180,2000-01-01
2001,AUG,Amazonas,501,2001-01-01
2002,AUG,Amazonas,741,2002-01-01
2003,AUG,Amazonas,2,2003-01-01
2004,AUG,Amazonas,1,2004-01-01
2005,AUG,Amazonas,2,2005-01-01
2006,AUG,Amazonas,1,2006-01-01
2007,AUG,Amazonas,2,2007-01-01
2008,AUG,Amazonas,861,2008-01-01
2009,AUG,Amazonas,1,2009-01-01
2010,AUG,Amazonas,4,2010-01-01
2011,AUG,Amazonas,1,2011-01-01
2012,AUG,Amazonas,3,2012-01-01
2013,AUG,Amazonas,1,2013-01-01
2014,AUG,Amazonas,4,2014-01-01
2015,AUG,Amazonas,5,2015-01-01
2016,AUG,Amazonas,4,2016-01-01
2017,AUG,Amazonas,6,2017-01-01
1998,SEPT,Amazonas,267,1998-01-01
1999,SEPT,Amazonas,216,1999-01-01
2000,SEPT,Amazonas,189,2000-01-01
2001,SEPT,Amazonas,166,2001-01-01
2002,SEPT,Amazonas,928,2002-01-01
2003,SEPT,Amazonas,1,2003-01-01
2004,SEPT,Amazonas,911,2004-01-01
2005,SEPT,Amazonas,3,2005-01-01
2006,SEPT,Amazonas,2,2006-01-01
2007,SEPT,Amazonas,1,2007-01-01
2008,SEPT,Amazonas,998,2008-01-01
2009,SEPT,Amazonas,3,2009-01-01
2010,SEPT,Amazonas,3,2010-01-01
2011,SEPT,Amazonas,1,2011-01-01
2012,SEPT,Amazonas,2,2012-01-01
2013,SEPT,Amazonas,2,2013-01-01
2014,SEPT,Amazonas,3,2014-01-01
2015,SEPT,Amazonas,6,2015-01-01
2016,SEPT,Amazonas,3,2016-01-01
2017,SEPT,Amazonas,4,2017-01-01
1998,OCT,Amazonas,83,1998-01-01
1999,OCT,Amazonas,479,1999-01-01
2000,OCT,Amazonas,145,2000-01-01
2001,OCT,Amazonas,332,2001-01-01
2002,OCT,Amazonas,695,2002-01-01
2003,OCT,Amazonas,725,2003-01-01
2004,OCT,Amazonas,710,2004-01-01
2005,OCT,Amazonas,545,2005-01-01
2006,OCT,Amazonas,721,2006-01-01
2007,OCT,Amazonas,215,2007-01-01
2008,OCT,Amazonas,632,2008-01-01
2009,OCT,Amazonas,2,2009-01-01
2010,OCT,Amazonas,889,2010-01-01
2011,OCT,Amazonas,694,2011-01-01
2012,OCT,Amazonas,1,2012-01-01
2013,OCT,Amazonas,1,2013-01-01
2014,OCT,Amazonas,952,2014-01-01
2015,OCT,Amazonas,2,2015-01-01
2016,OCT,Amazonas,2,2016-01-01
2017,OCT,Amazonas,2,2017-01-01
1998,NOV,Amazonas,6,1998-01-01
1999,NOV,Amazonas,32,1999-01-01
2000,NOV,Amazonas,27,2000-01-01
2001,NOV,Amazonas,244,2001-01-01
2002,NOV,Amazonas,259,2002-01-01
2003,NOV,Amazonas,169,2003-01-01
2004,NOV,Amazonas,209,2004-01-01
2005,NOV,Amazonas,261,2005-01-01
2006,NOV,Amazonas,59,2006-01-01
2007,NOV,Amazonas,90,2007-01-01
2008,NOV,Amazonas,39,2008-01-01
2009,NOV,Amazonas,973,2009-01-01
2010,NOV,Amazonas,354,2010-01-01
2011,NOV,Amazonas,399,2011-01-01
2012,NOV,Amazonas,682,2012-01-01
2013,NOV,Amazonas,220,2013-01-01
2014,NOV,Amazonas,0,2014-01-01
2015,NOV,Amazonas,1,2015-01-01
2016,NOV,Amazonas,591,2016-01-01
2017,NOV,Amazonas,552,2017-01-01
1998,DEC,Amazonas,196,1998-01-01
1999,DEC,Amazonas,2,1999-01-01
2000,DEC,Amazonas,60,2000-01-01
2001,DEC,Amazonas,22,2001-01-01
2002,DEC,Amazonas,44,2002-01-01
2003,DEC,Amazonas,147,2003-01-01
2004,DEC,Amazonas,53,2004-01-01
2005,DEC,Amazonas,17,2005-01-01
2006,DEC,Amazonas,23,2006-01-01
2007,DEC,Amazonas,7,2007-01-01
2008,DEC,Amazonas,0,2008-01-01
2009,DEC,Amazonas,102,2009-01-01
2010,DEC,Amazonas,123,2010-01-01
2011,DEC,Amazonas,121,2011-01-01
2012,DEC,Amazonas,80,2012-01-01
2013,DEC,Amazonas,236,2013-01-01
2014,DEC,Amazonas,293,2014-01-01
2015,DEC,Amazonas,565,2015-01-01
2016,DEC,Amazonas,133,2016-01-01
1998,JAN,Bahia,0,1998-01-01
1999,JAN,Bahia,114,1999-01-01
2000,JAN,Bahia,31,2000-01-01
2001,JAN,Bahia,24,2001-01-01
2002,JAN,Bahia,125,2002-01-01
2003,JAN,Bahia,439,2003-01-01
2004,JAN,Bahia,158,2004-01-01
2005,JAN,Bahia,303,2005-01-01
2006,JAN,Bahia,225,2006-01-01
2007,JAN,Bahia,373,2007-01-01
2008,JAN,Bahia,314,2008-01-01
2009,JAN,Bahia,177,2009-01-01
2010,JAN,Bahia,297,2010-01-01
2011,JAN,Bahia,101,2011-01-01
2012,JAN,Bahia,179,2012-01-01
2013,JAN,Bahia,125,2013-01-01
2014,JAN,Bahia,132,2014-01-01
2015,JAN,Bahia,256,2015-01-01
2016,JAN,Bahia,285,2016-01-01
2017,JAN,Bahia,154,2017-01-01
1998,FEB,Bahia,0,1998-01-01
1999,FEB,Bahia,157,1999-01-01
2000,FEB,Bahia,32,2000-01-01
2001,FEB,Bahia,101,2001-01-01
2002,FEB,Bahia,204,2002-01-01
2003,FEB,Bahia,223,2003-01-01
2004,FEB,Bahia,122,2004-01-01
2005,FEB,Bahia,143,2005-01-01
2006,FEB,Bahia,277,2006-01-01
2007,FEB,Bahia,113,2007-01-01
2008,FEB,Bahia,235,2008-01-01
2009,FEB,Bahia,117,2009-01-01
2010,FEB,Bahia,206,2010-01-01
2011,FEB,Bahia,156,2011-01-01
2012,FEB,Bahia,200,2012-01-01
2013,FEB,Bahia,231,2013-01-01
2014,FEB,Bahia,107,2014-01-01
2015,FEB,Bahia,143,2015-01-01
2016,FEB,Bahia,418,2016-01-01
2017,FEB,Bahia,100,2017-01-01
1998,MAR,Bahia,0,1998-01-01
1999,MAR,Bahia,83,1999-01-01
2000,MAR,Bahia,65,2000-01-01
2001,MAR,Bahia,4,2001-01-01
2002,MAR,Bahia,146,2002-01-01
2003,MAR,Bahia,274,2003-01-01
2004,MAR,Bahia,115,2004-01-01
2005,MAR,Bahia,158,2005-01-01
2006,MAR,Bahia,199,2006-01-01
2007,MAR,Bahia,141,2007-01-01
2008,MAR,Bahia,135,2008-01-01
2009,MAR,Bahia,249,2009-01-01
2010,MAR,Bahia,156,2010-01-01
2011,MAR,Bahia,90,2011-01-01
2012,MAR,Bahia,404,2012-01-01
2013,MAR,Bahia,363,2013-01-01
2014,MAR,Bahia,148,2014-01-01
2015,MAR,Bahia,229,2015-01-01
2016,MAR,Bahia,281,2016-01-01
2017,MAR,Bahia,163,2017-01-01
1998,APR,Bahia,0,1998-01-01
1999,APR,Bahia,55,1999-01-01
2000,APR,Bahia,23,2000-01-01
2001,APR,Bahia,26,2001-01-01
2002,APR,Bahia,110,2002-01-01
2003,APR,Bahia,376,2003-01-01
2004,APR,Bahia,89,2004-01-01
2005,APR,Bahia,76,2005-01-01
2006,APR,Bahia,60,2006-01-01
2007,APR,Bahia,64,2007-01-01
2008,APR,Bahia,151,2008-01-01
2009,APR,Bahia,40,2009-01-01
2010,APR,Bahia,103,2010-01-01
2011,APR,Bahia,149,2011-01-01
2012,APR,Bahia,396,2012-01-01
2013,APR,Bahia,108,2013-01-01
2014,APR,Bahia,183,2014-01-01
2015,APR,Bahia,190,2015-01-01
2016,APR,Bahia,0,2016-01-01
2017,APR,Bahia,94,2017-01-01
1998,MAY,Bahia,0,1998-01-01
1999,MAY,Bahia,76,1999-01-01
2000,MAY,Bahia,71,2000-01-01
2001,MAY,Bahia,0,2001-01-01
2002,MAY,Bahia,166,2002-01-01
2003,MAY,Bahia,106,2003-01-01
2004,MAY,Bahia,124,2004-01-01
2005,MAY,Bahia,120,2005-01-01
2006,MAY,Bahia,43,2006-01-01
2007,MAY,Bahia,161,2007-01-01
2008,MAY,Bahia,56,2008-01-01
2009,MAY,Bahia,34,2009-01-01
2010,MAY,Bahia,198,2010-01-01
2011,MAY,Bahia,189,2011-01-01
2012,MAY,Bahia,326,2012-01-01
2013,MAY,Bahia,141,2013-01-01
2014,MAY,Bahia,224,2014-01-01
2015,MAY,Bahia,144,2015-01-01
2016,MAY,Bahia,259,2016-01-01
2017,MAY,Bahia,121,2017-01-01
1998,JUNE,Bahia,55,1998-01-01
1999,JUNE,Bahia,64,1999-01-01
2000,JUNE,Bahia,178,2000-01-01
2001,JUNE,Bahia,98,2001-01-01
2002,JUNE,Bahia,118,2002-01-01
2003,JUNE,Bahia,140,2003-01-01
2004,JUNE,Bahia,289,2004-01-01
2005,JUNE,Bahia,211,2005-01-01
2006,JUNE,Bahia,68,2006-01-01
2007,JUNE,Bahia,270,2007-01-01
2008,JUNE,Bahia,72,2008-01-01
2009,JUNE,Bahia,92,2009-01-01
2010,JUNE,Bahia,192,2010-01-01
2011,JUNE,Bahia,345,2011-01-01
2012,JUNE,Bahia,385,2012-01-01
2013,JUNE,Bahia,208,2013-01-01
2014,JUNE,Bahia,243,2014-01-01
2015,JUNE,Bahia,242,2015-01-01
2016,JUNE,Bahia,416,2016-01-01
2017,JUNE,Bahia,329,2017-01-01
1998,JULY,Bahia,219,1998-01-01
1999,JULY,Bahia,107,1999-01-01
2000,JULY,Bahia,202,2000-01-01
2001,JULY,Bahia,248,2001-01-01
2002,JULY,Bahia,0,2002-01-01
2003,JULY,Bahia,261,2003-01-01
2004,JULY,Bahia,310,2004-01-01
2005,JULY,Bahia,269,2005-01-01
2006,JULY,Bahia,229,2006-01-01
2007,JULY,Bahia,811,2007-01-01
2008,JULY,Bahia,271,2008-01-01
2009,JULY,Bahia,321,2009-01-01
2010,JULY,Bahia,519,2010-01-01
2011,JULY,Bahia,578,2011-01-01
2012,JULY,Bahia,906,2012-01-01
2013,JULY,Bahia,362,2013-01-01
2014,JULY,Bahia,249,2014-01-01
2015,JULY,Bahia,0,2015-01-01
2016,JULY,Bahia,345,2016-01-01
2017,JULY,Bahia,300,2017-01-01
1998,AUG,Bahia,815,1998-01-01
1999,AUG,Bahia,453,1999-01-01
2000,AUG,Bahia,633,2000-01-01
2001,AUG,Bahia,979,2001-01-01
2002,AUG,Bahia,2,2002-01-01
2003,AUG,Bahia,1,2003-01-01
2004,AUG,Bahia,1,2004-01-01
2005,AUG,Bahia,948,2005-01-01
2006,AUG,Bahia,995,2006-01-01
2007,AUG,Bahia,4,2007-01-01
2008,AUG,Bahia,611,2008-01-01
2009,AUG,Bahia,439,2009-01-01
2010,AUG,Bahia,2,2010-01-01
2011,AUG,Bahia,2,2011-01-01
2012,AUG,Bahia,2,2012-01-01
2013,AUG,Bahia,610,2013-01-01
2014,AUG,Bahia,674,2014-01-01
2015,AUG,Bahia,829,2015-01-01
2016,AUG,Bahia,724,2016-01-01
2017,AUG,Bahia,1,2017-01-01
1998,SEPT,Bahia,3,1998-01-01
1999,SEPT,Bahia,0,1999-01-01
2000,SEPT,Bahia,2,2000-01-01
2001,SEPT,Bahia,4,2001-01-01
2002,SEPT,Bahia,6,2002-01-01
2003,SEPT,Bahia,9,2003-01-01
2004,SEPT,Bahia,6,2004-01-01
2005,SEPT,Bahia,4,2005-01-01
2006,SEPT,Bahia,3,2006-01-01
2007,SEPT,Bahia,7,2007-01-01
2008,SEPT,Bahia,5,2008-01-01
2009,SEPT,Bahia,4,2009-01-01
2010,SEPT,Bahia,5,2010-01-01
2011,SEPT,Bahia,7,2011-01-01
2012,SEPT,Bahia,7,2012-01-01
2013,SEPT,Bahia,3,2013-01-01
2014,SEPT,Bahia,3,2014-01-01
2015,SEPT,Bahia,8,2015-01-01
2016,SEPT,Bahia,2,2016-01-01
2017,SEPT,Bahia,2,2017-01-01
1998,OCT,Bahia,2,1998-01-01
1999,OCT,Bahia,1,1999-01-01
2000,OCT,Bahia,3,2000-01-01
2001,OCT,Bahia,2,2001-01-01
2002,OCT,Bahia,5,2002-01-01
2003,OCT,Bahia,4,2003-01-01
2004,OCT,Bahia,5,2004-01-01
2005,OCT,Bahia,8,2005-01-01
2006,OCT,Bahia,2,2006-01-01
2007,OCT,Bahia,5,2007-01-01
2008,OCT,Bahia,8,2008-01-01
2009,OCT,Bahia,3,2009-01-01
2010,OCT,Bahia,5,2010-01-01
2011,OCT,Bahia,2,2011-01-01
2012,OCT,Bahia,5,2012-01-01
2013,OCT,Bahia,2,2013-01-01
2014,OCT,Bahia,3,2014-01-01
2015,OCT,Bahia,5,2015-01-01
2016,OCT,Bahia,1,2016-01-01
2017,OCT,Bahia,4,2017-01-01
1998,NOV,Bahia,49,1998-01-01
1999,NOV,Bahia,49,1999-01-01
2000,NOV,Bahia,114,2000-01-01
2001,NOV,Bahia,699,2001-01-01
2002,NOV,Bahia,1,2002-01-01
2003,NOV,Bahia,533,2003-01-01
2004,NOV,Bahia,2,2004-01-01
2005,NOV,Bahia,2,2005-01-01
2006,NOV,Bahia,239,2006-01-01
2007,NOV,Bahia,2,2007-01-01
2008,NOV,Bahia,3,2008-01-01
2009,NOV,Bahia,402,2009-01-01
2010,NOV,Bahia,605,2010-01-01
2011,NOV,Bahia,0,2011-01-01
2012,NOV,Bahia,168,2012-01-01
2013,NOV,Bahia,288,2013-01-01
2014,NOV,Bahia,348,2014-01-01
2015,NOV,Bahia,2,2015-01-01
2016,NOV,Bahia,408,2016-01-01
2017,NOV,Bahia,174,2017-01-01
1998,DEC,Bahia,82,1998-01-01
1999,DEC,Bahia,37,1999-01-01
2000,DEC,Bahia,24,2000-01-01
2001,DEC,Bahia,158,2001-01-01
2002,DEC,Bahia,848,2002-01-01
2003,DEC,Bahia,710,2003-01-01
2004,DEC,Bahia,423,2004-01-01
2005,DEC,Bahia,116,2005-01-01
2006,DEC,Bahia,169,2006-01-01
2007,DEC,Bahia,259,2007-01-01
2008,DEC,Bahia,52,2008-01-01
2009,DEC,Bahia,308,2009-01-01
2010,DEC,Bahia,226,2010-01-01
2011,DEC,Bahia,230,2011-01-01
2012,DEC,Bahia,477,2012-01-01
2013,DEC,Bahia,131,2013-01-01
2014,DEC,Bahia,144,2014-01-01
2015,DEC,Bahia,1,2015-01-01
2016,DEC,Bahia,164,2016-01-01
1998,JAN,Ceara,0,1998-01-01
1999,JAN,Ceara,47,1999-01-01
2000,JAN,Ceara,1,2000-01-01
2001,JAN,Ceara,11,2001-01-01
2002,JAN,Ceara,33,2002-01-01
2003,JAN,Ceara,264,2003-01-01
2004,JAN,Ceara,143,2004-01-01
2005,JAN,Ceara,384,2005-01-01
2006,JAN,Ceara,211,2006-01-01
2007,JAN,Ceara,304,2007-01-01
2008,JAN,Ceara,166,2008-01-01
2009,JAN,Ceara,347,2009-01-01
2010,JAN,Ceara,288,2010-01-01
2011,JAN,Ceara,32,2011-01-01
2012,JAN,Ceara,273,2012-01-01
2013,JAN,Ceara,103,2013-01-01
2014,JAN,Ceara,115,2014-01-01
2015,JAN,Ceara,207,2015-01-01
2016,JAN,Ceara,100,2016-01-01
2017,JAN,Ceara,91,2017-01-01
1998,FEB,Ceara,0,1998-01-01
1999,FEB,Ceara,16,1999-01-01
2000,FEB,Ceara,6,2000-01-01
2001,FEB,Ceara,0,2001-01-01
2002,FEB,Ceara,75,2002-01-01
2003,FEB,Ceara,9,2003-01-01
2004,FEB,Ceara,5,2004-01-01
2005,FEB,Ceara,25,2005-01-01
2006,FEB,Ceara,23,2006-01-01
2007,FEB,Ceara,3,2007-01-01
2008,FEB,Ceara,12,2008-01-01
2009,FEB,Ceara,8,2009-01-01
2010,FEB,Ceara,63,2010-01-01
2011,FEB,Ceara,2,2011-01-01
2012,FEB,Ceara,41,2012-01-01
2013,FEB,Ceara,49,2013-01-01
2014,FEB,Ceara,18,2014-01-01
2015,FEB,Ceara,25,2015-01-01
2016,FEB,Ceara,0,2016-01-01
2017,FEB,Ceara,9,2017-01-01
1998,MAR,Ceara,0,1998-01-01
1999,MAR,Ceara,30,1999-01-01
2000,MAR,Ceara,9,2000-01-01
2001,MAR,Ceara,0,2001-01-01
2002,MAR,Ceara,17,2002-01-01
2003,MAR,Ceara,3,2003-01-01
2004,MAR,Ceara,1,2004-01-01
2005,MAR,Ceara,5,2005-01-01
2006,MAR,Ceara,3,2006-01-01
2007,MAR,Ceara,2,2007-01-01
2008,MAR,Ceara,2,2008-01-01
2009,MAR,Ceara,3,2009-01-01
2010,MAR,Ceara,40,2010-01-01
2011,MAR,Ceara,6,2011-01-01
2012,MAR,Ceara,10,2012-01-01
2013,MAR,Ceara,17,2013-01-01
2014,MAR,Ceara,6,2014-01-01
2015,MAR,Ceara,20,2015-01-01
2016,MAR,Ceara,4,2016-01-01
2017,MAR,Ceara,4,2017-01-01
1998,APR,Ceara,0,1998-01-01
1999,APR,Ceara,6,1999-01-01
2000,APR,Ceara,15,2000-01-01
2001,APR,Ceara,2,2001-01-01
2002,APR,Ceara,5,2002-01-01
2003,APR,Ceara,3,2003-01-01
2004,APR,Ceara,2,2004-01-01
2005,APR,Ceara,4,2005-01-01
2006,APR,Ceara,1,2006-01-01
2007,APR,Ceara,1,2007-01-01
2008,APR,Ceara,0,2008-01-01
2009,APR,Ceara,0,2009-01-01
2010,APR,Ceara,7,2010-01-01
2011,APR,Ceara,1,2011-01-01
2012,APR,Ceara,2,2012-01-01
2013,APR,Ceara,4,2013-01-01
2014,APR,Ceara,4,2014-01-01
2015,APR,Ceara,3,2015-01-01
2016,APR,Ceara,10,2016-01-01
2017,APR,Ceara,6,2017-01-01
1998,MAY,Ceara,0,1998-01-01
1999,MAY,Ceara,5,1999-01-01
2000,MAY,Ceara,7,2000-01-01
2001,MAY,Ceara,81,2001-01-01
2002,MAY,Ceara,10,2002-01-01
2003,MAY,Ceara,0,2003-01-01
2004,MAY,Ceara,3,2004-01-01
2005,MAY,Ceara,1,2005-01-01
2006,MAY,Ceara,0,2006-01-01
2007,MAY,Ceara,0,2007-01-01
2008,MAY,Ceara,0,2008-01-01
2009,MAY,Ceara,0,2009-01-01
2010,MAY,Ceara,2,2010-01-01
2011,MAY,Ceara,0,2011-01-01
2012,MAY,Ceara,19,2012-01-01
2013,MAY,Ceara,4,2013-01-01
2014,MAY,Ceara,4,2014-01-01
2015,MAY,Ceara,17,2015-01-01
2016,MAY,Ceara,8,2016-01-01
2017,MAY,Ceara,9,2017-01-01
1998,JUNE,Ceara,1,1998-01-01
1999,JUNE,Ceara,16,1999-01-01
2000,JUNE,Ceara,16,2000-01-01
2001,JUNE,Ceara,38,2001-01-01
2002,JUNE,Ceara,13,2002-01-01
2003,JUNE,Ceara,2,2003-01-01
2004,JUNE,Ceara,1,2004-01-01
2005,JUNE,Ceara,6,2005-01-01
2006,JUNE,Ceara,0,2006-01-01
2007,JUNE,Ceara,1,2007-01-01
2008,JUNE,Ceara,1,2008-01-01
2009,JUNE,Ceara,0,2009-01-01
2010,JUNE,Ceara,3,2010-01-01
2011,JUNE,Ceara,5,2011-01-01
2012,JUNE,Ceara,28,2012-01-01
2013,JUNE,Ceara,5,2013-01-01
2014,JUNE,Ceara,0,2014-01-01
2015,JUNE,Ceara,22,2015-01-01
2016,JUNE,Ceara,45,2016-01-01
2017,JUNE,Ceara,23,2017-01-01
1998,JULY,Ceara,76,1998-01-01
1999,JULY,Ceara,83,1999-01-01
2000,JULY,Ceara,18,2000-01-01
2001,JULY,Ceara,146,2001-01-01
2002,JULY,Ceara,12,2002-01-01
2003,JULY,Ceara,14,2003-01-01
2004,JULY,Ceara,16,2004-01-01
2005,JULY,Ceara,14,2005-01-01
2006,JULY,Ceara,1,2006-01-01
2007,JULY,Ceara,11,2007-01-01
2008,JULY,Ceara,3,2008-01-01
2009,JULY,Ceara,7,2009-01-01
2010,JULY,Ceara,44,2010-01-01
2011,JULY,Ceara,18,2011-01-01
2012,JULY,Ceara,50,2012-01-01
2013,JULY,Ceara,4,2013-01-01
2014,JULY,Ceara,47,2014-01-01
2015,JULY,Ceara,25,2015-01-01
2016,JULY,Ceara,124,2016-01-01
2017,JULY,Ceara,26,2017-01-01
1998,AUG,Ceara,93,1998-01-01
1999,AUG,Ceara,131,1999-01-01
2000,AUG,Ceara,79,2000-01-01
2001,AUG,Ceara,219,2001-01-01
2002,AUG,Ceara,111,2002-01-01
2003,AUG,Ceara,109,2003-01-01
2004,AUG,Ceara,61,2004-01-01
2005,AUG,Ceara,51,2005-01-01
2006,AUG,Ceara,50,2006-01-01
2007,AUG,Ceara,182,2007-01-01
2008,AUG,Ceara,32,2008-01-01
2009,AUG,Ceara,26,2009-01-01
2010,AUG,Ceara,202,2010-01-01
2011,AUG,Ceara,53,2011-01-01
2012,AUG,Ceara,278,2012-01-01
2013,AUG,Ceara,32,2013-01-01
2014,AUG,Ceara,155,2014-01-01
2015,AUG,Ceara,127,2015-01-01
2016,AUG,Ceara,293,2016-01-01
2017,AUG,Ceara,121,2017-01-01
1998,SEPT,Ceara,590,1998-01-01
1999,SEPT,Ceara,124,1999-01-01
2000,SEPT,Ceara,127,2000-01-01
2001,SEPT,Ceara,801,2001-01-01
2002,SEPT,Ceara,172,2002-01-01
2003,SEPT,Ceara,384,2003-01-01
2004,SEPT,Ceara,144,2004-01-01
2005,SEPT,Ceara,185,2005-01-01
2006,SEPT,Ceara,237,2006-01-01
2007,SEPT,Ceara,241,2007-01-01
2008,SEPT,Ceara,177,2008-01-01
2009,SEPT,Ceara,101,2009-01-01
2010,SEPT,Ceara,357,2010-01-01
2011,SEPT,Ceara,239,2011-01-01
2012,SEPT,Ceara,609,2012-01-01
2013,SEPT,Ceara,177,2013-01-01
2014,SEPT,Ceara,155,2014-01-01
2015,SEPT,Ceara,214,2015-01-01
2016,SEPT,Ceara,370,2016-01-01
2017,SEPT,Ceara,505,2017-01-01
1998,OCT,Ceara,1,1998-01-01
1999,OCT,Ceara,309,1999-01-01
2000,OCT,Ceara,875,2000-01-01
2001,OCT,Ceara,2,2001-01-01
2002,OCT,Ceara,2,2002-01-01
2003,OCT,Ceara,2,2003-01-01
2004,OCT,Ceara,1,2004-01-01
2005,OCT,Ceara,1,2005-01-01
2006,OCT,Ceara,581,2006-01-01
2007,OCT,Ceara,964,2007-01-01
2008,OCT,Ceara,816,2008-01-01
2009,OCT,Ceara,435,2009-01-01
2010,OCT,Ceara,502,2010-01-01
2011,OCT,Ceara,415,2011-01-01
2012,OCT,Ceara,1,2012-01-01
2013,OCT,Ceara,466,2013-01-01
2014,OCT,Ceara,517,2014-01-01
2015,OCT,Ceara,658,2015-01-01
2016,OCT,Ceara,1,2016-01-01
2017,OCT,Ceara,949,2017-01-01
1998,NOV,Ceara,575,1998-01-01
1999,NOV,Ceara,524,1999-01-01
2000,NOV,Ceara,669,2000-01-01
2001,NOV,Ceara,2,2001-01-01
2002,NOV,Ceara,3,2002-01-01
2003,NOV,Ceara,3,2003-01-01
2004,NOV,Ceara,3,2004-01-01
2005,NOV,Ceara,2,2005-01-01
2006,NOV,Ceara,1,2006-01-01
2007,NOV,Ceara,1,2007-01-01
2008,NOV,Ceara,2,2008-01-01
2009,NOV,Ceara,2,2009-01-01
2010,NOV,Ceara,2,2010-01-01
2011,NOV,Ceara,2,2011-01-01
2012,NOV,Ceara,995,2012-01-01
2013,NOV,Ceara,1,2013-01-01
2014,NOV,Ceara,829,2014-01-01
2015,NOV,Ceara,1,2015-01-01
2016,NOV,Ceara,1,2016-01-01
2017,NOV,Ceara,812,2017-01-01
1998,DEC,Ceara,276,1998-01-01
1999,DEC,Ceara,397,1999-01-01
2000,DEC,Ceara,389,2000-01-01
2001,DEC,Ceara,545,2001-01-01
2002,DEC,Ceara,2,2002-01-01
2003,DEC,Ceara,2,2003-01-01
2004,DEC,Ceara,3,2004-01-01
2005,DEC,Ceara,1,2005-01-01
2006,DEC,Ceara,1,2006-01-01
2007,DEC,Ceara,1,2007-01-01
2008,DEC,Ceara,2,2008-01-01
2009,DEC,Ceara,2,2009-01-01
2010,DEC,Ceara,578,2010-01-01
2011,DEC,Ceara,1,2011-01-01
2012,DEC,Ceara,631,2012-01-01
2013,DEC,Ceara,956,2013-01-01
2014,DEC,Ceara,643,2014-01-01
2015,DEC,Ceara,0,2015-01-01
2016,DEC,Ceara,819,2016-01-01
1998,JAN,Distrito federal,0,1998-01-01
1999,JAN,Distrito federal,0,1999-01-01
2000,JAN,Distrito federal,0,2000-01-01
2001,JAN,Distrito federal,0,2001-01-01
2002,JAN,Distrito federal,0,2002-01-01
2003,JAN,Distrito federal,0,2003-01-01
2004,JAN,Distrito federal,0,2004-01-01
2005,JAN,Distrito federal,0,2005-01-01
2006,JAN,Distrito federal,0,2006-01-01
2007,JAN,Distrito federal,0,2007-01-01
2008,JAN,Distrito federal,0,2008-01-01
2009,JAN,Distrito federal,1,2009-01-01
2010,JAN,Distrito federal,2,2010-01-01
2011,JAN,Distrito federal,2,2011-01-01
2012,JAN,Distrito federal,0,2012-01-01
2013,JAN,Distrito federal,0,2013-01-01
2014,JAN,Distrito federal,0,2014-01-01
2015,JAN,Distrito federal,1,2015-01-01
2016,JAN,Distrito federal,1,2016-01-01
2017,JAN,Distrito federal,1,2017-01-01
1998,FEB,Distrito federal,0,1998-01-01
1999,FEB,Distrito federal,2,1999-01-01
2000,FEB,Distrito federal,0,2000-01-01
2001,FEB,Distrito federal,1,2001-01-01
2002,FEB,Distrito federal,0,2002-01-01
2003,FEB,Distrito federal,1,2003-01-01
2004,FEB,Distrito federal,0,2004-01-01
2005,FEB,Distrito federal,0,2005-01-01
2006,FEB,Distrito federal,0,2006-01-01
2007,FEB,Distrito federal,0,2007-01-01
2008,FEB,Distrito federal,0,2008-01-01
2009,FEB,Distrito federal,0,2009-01-01
2010,FEB,Distrito federal,4,2010-01-01
2011,FEB,Distrito federal,1,2011-01-01
2012,FEB,Distrito federal,0,2012-01-01
2013,FEB,Distrito federal,1,2013-01-01
2014,FEB,Distrito federal,1,2014-01-01
2015,FEB,Distrito federal,0,2015-01-01
2016,FEB,Distrito federal,2,2016-01-01
2017,FEB,Distrito federal,0,2017-01-01
1998,MAR,Distrito federal,0,1998-01-01
1999,MAR,Distrito federal,0,1999-01-01
2000,MAR,Distrito federal,0,2000-01-01
2001,MAR,Distrito federal,0,2001-01-01
2002,MAR,Distrito federal,0,2002-01-01
2003,MAR,Distrito federal,0,2003-01-01
2004,MAR,Distrito federal,0,2004-01-01
2005,MAR,Distrito federal,0,2005-01-01
2006,MAR,Distrito federal,0,2006-01-01
2007,MAR,Distrito federal,1,2007-01-01
2008,MAR,Distrito federal,2,2008-01-01
2009,MAR,Distrito federal,0,2009-01-01
2010,MAR,Distrito federal,0,2010-01-01
2011,MAR,Distrito federal,0,2011-01-01
2012,MAR,Distrito federal,0,2012-01-01
2013,MAR,Distrito federal,1,2013-01-01
2014,MAR,Distrito federal,1,2014-01-01
2015,MAR,Distrito federal,0,2015-01-01
2016,MAR,Distrito federal,1,2016-01-01
2017,MAR,Distrito federal,0,2017-01-01
1998,APR,Distrito federal,0,1998-01-01
1999,APR,Distrito federal,0,1999-01-01
2000,APR,Distrito federal,0,2000-01-01
2001,APR,Distrito federal,0,2001-01-01
2002,APR,Distrito federal,1,2002-01-01
2003,APR,Distrito federal,0,2003-01-01
2004,APR,Distrito federal,1,2004-01-01
2005,APR,Distrito federal,0,2005-01-01
2006,APR,Distrito federal,0,2006-01-01
2007,APR,Distrito federal,0,2007-01-01
2008,APR,Distrito federal,1,2008-01-01
2009,APR,Distrito federal,0,2009-01-01
2010,APR,Distrito federal,8,2010-01-01
2011,APR,Distrito federal,1,2011-01-01
2012,APR,Distrito federal,4,2012-01-01
2013,APR,Distrito federal,1,2013-01-01
2014,APR,Distrito federal,2,2014-01-01
2015,APR,Distrito federal,0,2015-01-01
2016,APR,Distrito federal,5,2016-01-01
2017,APR,Distrito federal,1,2017-01-01
1998,MAY,Distrito federal,0,1998-01-01
1999,MAY,Distrito federal,0,1999-01-01
2000,MAY,Distrito federal,2,2000-01-01
2001,MAY,Distrito federal,0,2001-01-01
2002,MAY,Distrito federal,1,2002-01-01
2003,MAY,Distrito federal,0,2003-01-01
2004,MAY,Distrito federal,9,2004-01-01
2005,MAY,Distrito federal,2,2005-01-01
2006,MAY,Distrito federal,3,2006-01-01
2007,MAY,Distrito federal,4,2007-01-01
2008,MAY,Distrito federal,6,2008-01-01
2009,MAY,Distrito federal,9,2009-01-01
2010,MAY,Distrito federal,23,2010-01-01
2011,MAY,Distrito federal,3,2011-01-01
2012,MAY,Distrito federal,0,2012-01-01
2013,MAY,Distrito federal,2,2013-01-01
2014,MAY,Distrito federal,9,2014-01-01
2015,MAY,Distrito federal,2,2015-01-01
2016,MAY,Distrito federal,15,2016-01-01
2017,MAY,Distrito federal,6,2017-01-01
1998,JUNE,Distrito federal,2,1998-01-01
1999,JUNE,Distrito federal,0,1999-01-01
2000,JUNE,Distrito federal,1,2000-01-01
2001,JUNE,Distrito federal,3,2001-01-01
2002,JUNE,Distrito federal,7,2002-01-01
2003,JUNE,Distrito federal,0,2003-01-01
2004,JUNE,Distrito federal,6,2004-01-01
2005,JUNE,Distrito federal,3,2005-01-01
2006,JUNE,Distrito federal,2,2006-01-01
2007,JUNE,Distrito federal,21,2007-01-01
2008,JUNE,Distrito federal,0,2008-01-01
2009,JUNE,Distrito federal,4,2009-01-01
2010,JUNE,Distrito federal,21,2010-01-01
2011,JUNE,Distrito federal,18,2011-01-01
2012,JUNE,Distrito federal,6,2012-01-01
2013,JUNE,Distrito federal,4,2013-01-01
2014,JUNE,Distrito federal,6,2014-01-01
2015,JUNE,Distrito federal,1,2015-01-01
2016,JUNE,Distrito federal,42,2016-01-01
2017,JUNE,Distrito federal,23,2017-01-01
1998,JULY,Distrito federal,17,1998-01-01
1999,JULY,Distrito federal,4,1999-01-01
2000,JULY,Distrito federal,15,2000-01-01
2001,JULY,Distrito federal,22,2001-01-01
2002,JULY,Distrito federal,33,2002-01-01
2003,JULY,Distrito federal,19,2003-01-01
2004,JULY,Distrito federal,37,2004-01-01
2005,JULY,Distrito federal,24,2005-01-01
2006,JULY,Distrito federal,0,2006-01-01
2007,JULY,Distrito federal,25,2007-01-01
2008,JULY,Distrito federal,12,2008-01-01
2009,JULY,Distrito federal,33,2009-01-01
2010,JULY,Distrito federal,85,2010-01-01
2011,JULY,Distrito federal,53,2011-01-01
2012,JULY,Distrito federal,29,2012-01-01
2013,JULY,Distrito federal,22,2013-01-01
2014,JULY,Distrito federal,27,2014-01-01
2015,JULY,Distrito federal,15,2015-01-01
2016,JULY,Distrito federal,79,2016-01-01
2017,JULY,Distrito federal,44,2017-01-01
1998,AUG,Distrito federal,48,1998-01-01
1999,AUG,Distrito federal,16,1999-01-01
2000,AUG,Distrito federal,9,2000-01-01
2001,AUG,Distrito federal,25,2001-01-01
2002,AUG,Distrito federal,53,2002-01-01
2003,AUG,Distrito federal,0,2003-01-01
2004,AUG,Distrito federal,108,2004-01-01
2005,AUG,Distrito federal,20,2005-01-01
2006,AUG,Distrito federal,40,2006-01-01
2007,AUG,Distrito federal,137,2007-01-01
2008,AUG,Distrito federal,30,2008-01-01
2009,AUG,Distrito federal,37,2009-01-01
2010,AUG,Distrito federal,159,2010-01-01
2011,AUG,Distrito federal,61,2011-01-01
2012,AUG,Distrito federal,55,2012-01-01
2013,AUG,Distrito federal,34,2013-01-01
2014,AUG,Distrito federal,99,2014-01-01
2015,AUG,Distrito federal,53,2015-01-01
2016,AUG,Distrito federal,29,2016-01-01
2017,AUG,Distrito federal,147,2017-01-01
1998,SEPT,Distrito federal,33,1998-01-01
1999,SEPT,Distrito federal,12,1999-01-01
2000,SEPT,Distrito federal,3,2000-01-01
2001,SEPT,Distrito federal,12,2001-01-01
2002,SEPT,Distrito federal,33,2002-01-01
2003,SEPT,Distrito federal,17,2003-01-01
2004,SEPT,Distrito federal,100,2004-01-01
2005,SEPT,Distrito federal,23,2005-01-01
2006,SEPT,Distrito federal,20,2006-01-01
2007,SEPT,Distrito federal,73,2007-01-01
2008,SEPT,Distrito federal,54,2008-01-01
2009,SEPT,Distrito federal,5,2009-01-01
2010,SEPT,Distrito federal,196,2010-01-01
2011,SEPT,Distrito federal,133,2011-01-01
2012,SEPT,Distrito federal,64,2012-01-01
2013,SEPT,Distrito federal,31,2013-01-01
2014,SEPT,Distrito federal,72,2014-01-01
2015,SEPT,Distrito federal,76,2015-01-01
2016,SEPT,Distrito federal,58,2016-01-01
2017,SEPT,Distrito federal,122,2017-01-01
1998,OCT,Distrito federal,3,1998-01-01
1999,OCT,Distrito federal,8,1999-01-01
2000,OCT,Distrito federal,18,2000-01-01
2001,OCT,Distrito federal,0,2001-01-01
2002,OCT,Distrito federal,19,2002-01-01
2003,OCT,Distrito federal,12,2003-01-01
2004,OCT,Distrito federal,18,2004-01-01
2005,OCT,Distrito federal,18,2005-01-01
2006,OCT,Distrito federal,1,2006-01-01
2007,OCT,Distrito federal,13,2007-01-01
2008,OCT,Distrito federal,6,2008-01-01
2009,OCT,Distrito federal,3,2009-01-01
2010,OCT,Distrito federal,6,2010-01-01
2011,OCT,Distrito federal,0,2011-01-01
2012,OCT,Distrito federal,15,2012-01-01
2013,OCT,Distrito federal,3,2013-01-01
2014,OCT,Distrito federal,34,2014-01-01
2015,OCT,Distrito federal,21,2015-01-01
2016,OCT,Distrito federal,9,2016-01-01
2017,OCT,Distrito federal,66,2017-01-01
1998,NOV,Distrito federal,0,1998-01-01
1999,NOV,Distrito federal,1,1999-01-01
2000,NOV,Distrito federal,0,2000-01-01
2001,NOV,Distrito federal,0,2001-01-01
2002,NOV,Distrito federal,1,2002-01-01
2003,NOV,Distrito federal,0,2003-01-01
2004,NOV,Distrito federal,0,2004-01-01
2005,NOV,Distrito federal,2,2005-01-01
2006,NOV,Distrito federal,0,2006-01-01
2007,NOV,Distrito federal,0,2007-01-01
2008,NOV,Distrito federal,4,2008-01-01
2009,NOV,Distrito federal,0,2009-01-01
2010,NOV,Distrito federal,0,2010-01-01
2011,NOV,Distrito federal,1,2011-01-01
2012,NOV,Distrito federal,0,2012-01-01
2013,NOV,Distrito federal,0,2013-01-01
2014,NOV,Distrito federal,0,2014-01-01
2015,NOV,Distrito federal,3,2015-01-01
2016,NOV,Distrito federal,1,2016-01-01
2017,NOV,Distrito federal,0,2017-01-01
1998,DEC,Distrito federal,0,1998-01-01
1999,DEC,Distrito federal,0,1999-01-01
2000,DEC,Distrito federal,0,2000-01-01
2001,DEC,Distrito federal,1,2001-01-01
2002,DEC,Distrito federal,1,2002-01-01
2003,DEC,Distrito federal,0,2003-01-01
2004,DEC,Distrito federal,0,2004-01-01
2005,DEC,Distrito federal,0,2005-01-01
2006,DEC,Distrito federal,0,2006-01-01
2007,DEC,Distrito federal,0,2007-01-01
2008,DEC,Distrito federal,0,2008-01-01
2009,DEC,Distrito federal,0,2009-01-01
2010,DEC,Distrito federal,1,2010-01-01
2011,DEC,Distrito federal,0,2011-01-01
2012,DEC,Distrito federal,0,2012-01-01
2013,DEC,Distrito federal,2,2013-01-01
2014,DEC,Distrito federal,0,2014-01-01
2015,DEC,Distrito federal,0,2015-01-01
2016,DEC,Distrito federal,0,2016-01-01
1998,JAN,Espirito santo,0,1998-01-01
1999,JAN,Espirito santo,36,1999-01-01
2000,JAN,Espirito santo,24,2000-01-01
2001,JAN,Espirito santo,18,2001-01-01
2002,JAN,Espirito santo,29,2002-01-01
2003,JAN,Espirito santo,0,2003-01-01
2004,JAN,Espirito santo,22,2004-01-01
2005,JAN,Espirito santo,28,2005-01-01
2006,JAN,Espirito santo,109,2006-01-01
2007,JAN,Espirito santo,91,2007-01-01
2008,JAN,Espirito santo,85,2008-01-01
2009,JAN,Espirito santo,74,2009-01-01
2010,JAN,Espirito santo,118,2010-01-01
2011,JAN,Espirito santo,61,2011-01-01
2012,JAN,Espirito santo,75,2012-01-01
2013,JAN,Espirito santo,75,2013-01-01
2014,JAN,Espirito santo,133,2014-01-01
2015,JAN,Espirito santo,147,2015-01-01
2016,JAN,Espirito santo,61,2016-01-01
2017,JAN,Espirito santo,0,2017-01-01
1998,FEB,Espirito santo,0,1998-01-01
1999,FEB,Espirito santo,112,1999-01-01
2000,FEB,Espirito santo,20,2000-01-01
2001,FEB,Espirito santo,39,2001-01-01
2002,FEB,Espirito santo,62,2002-01-01
2003,FEB,Espirito santo,126,2003-01-01
2004,FEB,Espirito santo,29,2004-01-01
2005,FEB,Espirito santo,79,2005-01-01
2006,FEB,Espirito santo,96,2006-01-01
2007,FEB,Espirito santo,71,2007-01-01
2008,FEB,Espirito santo,59,2008-01-01
2009,FEB,Espirito santo,74,2009-01-01
2010,FEB,Espirito santo,155,2010-01-01
2011,FEB,Espirito santo,111,2011-01-01
2012,FEB,Espirito santo,123,2012-01-01
2013,FEB,Espirito santo,143,2013-01-01
2014,FEB,Espirito santo,157,2014-01-01
2015,FEB,Espirito santo,84,2015-01-01
2016,FEB,Espirito santo,207,2016-01-01
2017,FEB,Espirito santo,61,2017-01-01
1998,MAR,Espirito santo,0,1998-01-01
1999,MAR,Espirito santo,13,1999-01-01
2000,MAR,Espirito santo,24,2000-01-01
2001,MAR,Espirito santo,13,2001-01-01
2002,MAR,Espirito santo,62,2002-01-01
2003,MAR,Espirito santo,81,2003-01-01
2004,MAR,Espirito santo,81,2004-01-01
2005,MAR,Espirito santo,107,2005-01-01
2006,MAR,Espirito santo,69,2006-01-01
2007,MAR,Espirito santo,155,2007-01-01
2008,MAR,Espirito santo,61,2008-01-01
2009,MAR,Espirito santo,106,2009-01-01
2010,MAR,Espirito santo,109,2010-01-01
2011,MAR,Espirito santo,67,2011-01-01
2012,MAR,Espirito santo,152,2012-01-01
2013,MAR,Espirito santo,110,2013-01-01
2014,MAR,Espirito santo,77,2014-01-01
2015,MAR,Espirito santo,80,2015-01-01
2016,MAR,Espirito santo,123,2016-01-01
2017,MAR,Espirito santo,105,2017-01-01
1998,APR,Espirito santo,0,1998-01-01
1999,APR,Espirito santo,27,1999-01-01
2000,APR,Espirito santo,49,2000-01-01
2001,APR,Espirito santo,60,2001-01-01
2002,APR,Espirito santo,99,2002-01-01
2003,APR,Espirito santo,215,2003-01-01
2004,APR,Espirito santo,48,2004-01-01
2005,APR,Espirito santo,89,2005-01-01
2006,APR,Espirito santo,50,2006-01-01
2007,APR,Espirito santo,35,2007-01-01
2008,APR,Espirito santo,113,2008-01-01
2009,APR,Espirito santo,26,2009-01-01
2010,APR,Espirito santo,112,2010-01-01
2011,APR,Espirito santo,66,2011-01-01
2012,APR,Espirito santo,180,2012-01-01
2013,APR,Espirito santo,61,2013-01-01
2014,APR,Espirito santo,161,2014-01-01
2015,APR,Espirito santo,109,2015-01-01
2016,APR,Espirito santo,172,2016-01-01
2017,APR,Espirito santo,69,2017-01-01
1998,MAY,Espirito santo,0,1998-01-01
1999,MAY,Espirito santo,51,1999-01-01
2000,MAY,Espirito santo,67,2000-01-01
2001,MAY,Espirito santo,83,2001-01-01
2002,MAY,Espirito santo,98,2002-01-01
2003,MAY,Espirito santo,75,2003-01-01
2004,MAY,Espirito santo,79,2004-01-01
2005,MAY,Espirito santo,134,2005-01-01
2006,MAY,Espirito santo,62,2006-01-01
2007,MAY,Espirito santo,124,2007-01-01
2008,MAY,Espirito santo,50,2008-01-01
2009,MAY,Espirito santo,128,2009-01-01
2010,MAY,Espirito santo,179,2010-01-01
2011,MAY,Espirito santo,151,2011-01-01
2012,MAY,Espirito santo,144,2012-01-01
2013,MAY,Espirito santo,150,2013-01-01
2014,MAY,Espirito santo,224,2014-01-01
2015,MAY,Espirito santo,114,2015-01-01
2016,MAY,Espirito santo,186,2016-01-01
2017,MAY,Espirito santo,0,2017-01-01
1998,JUNE,Espirito santo,70,1998-01-01
1999,JUNE,Espirito santo,132,1999-01-01
2000,JUNE,Espirito santo,135,2000-01-01
2001,JUNE,Espirito santo,166,2001-01-01
2002,JUNE,Espirito santo,207,2002-01-01
2003,JUNE,Espirito santo,245,2003-01-01
2004,JUNE,Espirito santo,209,2004-01-01
2005,JUNE,Espirito santo,246,2005-01-01
2006,JUNE,Espirito santo,73,2006-01-01
2007,JUNE,Espirito santo,184,2007-01-01
2008,JUNE,Espirito santo,48,2008-01-01
2009,JUNE,Espirito santo,173,2009-01-01
2010,JUNE,Espirito santo,139,2010-01-01
2011,JUNE,Espirito santo,304,2011-01-01
2012,JUNE,Espirito santo,219,2012-01-01
2013,JUNE,Espirito santo,144,2013-01-01
2014,JUNE,Espirito santo,376,2014-01-01
2015,JUNE,Espirito santo,200,2015-01-01
2016,JUNE,Espirito santo,263,2016-01-01
2017,JUNE,Espirito santo,360,2017-01-01
1998,JULY,Espirito santo,232,1998-01-01
1999,JULY,Espirito santo,318,1999-01-01
2000,JULY,Espirito santo,345,2000-01-01
2001,JULY,Espirito santo,266,2001-01-01
2002,JULY,Espirito santo,741,2002-01-01
2003,JULY,Espirito santo,407,2003-01-01
2004,JULY,Espirito santo,625,2004-01-01
2005,JULY,Espirito santo,467,2005-01-01
2006,JULY,Espirito santo,336,2006-01-01
2007,JULY,Espirito santo,446,2007-01-01
2008,JULY,Espirito santo,0,2008-01-01
2009,JULY,Espirito santo,477,2009-01-01
2010,JULY,Espirito santo,707,2010-01-01
2011,JULY,Espirito santo,801,2011-01-01
2012,JULY,Espirito santo,669,2012-01-01
2013,JULY,Espirito santo,462,2013-01-01
2014,JULY,Espirito santo,559,2014-01-01
2015,JULY,Espirito santo,288,2015-01-01
2016,JULY,Espirito santo,1,2016-01-01
2017,JULY,Espirito santo,610,2017-01-01
1998,AUG,Espirito santo,875,1998-01-01
1999,AUG,Espirito santo,0,1999-01-01
2000,AUG,Espirito santo,769,2000-01-01
2001,AUG,Espirito santo,858,2001-01-01
2002,AUG,Espirito santo,2,2002-01-01
2003,AUG,Espirito santo,2,2003-01-01
2004,AUG,Espirito santo,2,2004-01-01
2005,AUG,Espirito santo,1,2005-01-01
2006,AUG,Espirito santo,959,2006-01-01
2007,AUG,Espirito santo,3,2007-01-01
2008,AUG,Espirito santo,605,2008-01-01
2009,AUG,Espirito santo,685,2009-01-01
2010,AUG,Espirito santo,3,2010-01-01
2011,AUG,Espirito santo,3,2011-01-01
2012,AUG,Espirito santo,901,2012-01-01
2013,AUG,Espirito santo,911,2013-01-01
2014,AUG,Espirito santo,2,2014-01-01
2015,AUG,Espirito santo,1,2015-01-01
2016,AUG,Espirito santo,1,2016-01-01
2017,AUG,Espirito santo,2,2017-01-01
1998,SEPT,Espirito santo,2,1998-01-01
1999,SEPT,Espirito santo,0,1999-01-01
2000,SEPT,Espirito santo,1,2000-01-01
2001,SEPT,Espirito santo,2,2001-01-01
2002,SEPT,Espirito santo,3,2002-01-01
2003,SEPT,Espirito santo,7,2003-01-01
2004,SEPT,Espirito santo,4,2004-01-01
2005,SEPT,Espirito santo,0,2005-01-01
2006,SEPT,Espirito santo,3,2006-01-01
2007,SEPT,Espirito santo,5,2007-01-01
2008,SEPT,Espirito santo,3,2008-01-01
2009,SEPT,Espirito santo,1,2009-01-01
2010,SEPT,Espirito santo,0,2010-01-01
2011,SEPT,Espirito santo,6,2011-01-01
2012,SEPT,Espirito santo,3,2012-01-01
2013,SEPT,Espirito santo,2,2013-01-01
2014,SEPT,Espirito santo,3,2014-01-01
2015,SEPT,Espirito santo,3,2015-01-01
2016,SEPT,Espirito santo,2,2016-01-01
2017,SEPT,Espirito santo,5,2017-01-01
1998,OCT,Espirito santo,1,1998-01-01
1999,OCT,Espirito santo,1,1999-01-01
2000,OCT,Espirito santo,2,2000-01-01
2001,OCT,Espirito santo,528,2001-01-01
2002,OCT,Espirito santo,5,2002-01-01
2003,OCT,Espirito santo,5,2003-01-01
2004,OCT,Espirito santo,3,2004-01-01
2005,OCT,Espirito santo,7,2005-01-01
2006,OCT,Espirito santo,616,2006-01-01
2007,OCT,Espirito santo,3,2007-01-01
2008,OCT,Espirito santo,4,2008-01-01
2009,OCT,Espirito santo,1,2009-01-01
2010,OCT,Espirito santo,2,2010-01-01
2011,OCT,Espirito santo,1,2011-01-01
2012,OCT,Espirito santo,4,2012-01-01
2013,OCT,Espirito santo,1,2013-01-01
2014,OCT,Espirito santo,5,2014-01-01
2015,OCT,Espirito santo,4,2015-01-01
2016,OCT,Espirito santo,948,2016-01-01
2017,OCT,Espirito santo,3,2017-01-01
1998,NOV,Espirito santo,32,1998-01-01
1999,NOV,Espirito santo,271,1999-01-01
2000,NOV,Espirito santo,43,2000-01-01
2001,NOV,Espirito santo,62,2001-01-01
2002,NOV,Espirito santo,417,2002-01-01
2003,NOV,Espirito santo,399,2003-01-01
2004,NOV,Espirito santo,914,2004-01-01
2005,NOV,Espirito santo,422,2005-01-01
2006,NOV,Espirito santo,59,2006-01-01
2007,NOV,Espirito santo,1,2007-01-01
2008,NOV,Espirito santo,892,2008-01-01
2009,NOV,Espirito santo,246,2009-01-01
2010,NOV,Espirito santo,82,2010-01-01
2011,NOV,Espirito santo,153,2011-01-01
2012,NOV,Espirito santo,220,2012-01-01
2013,NOV,Espirito santo,277,2013-01-01
2014,NOV,Espirito santo,398,2014-01-01
2015,NOV,Espirito santo,1,2015-01-01
2016,NOV,Espirito santo,126,2016-01-01
2017,NOV,Espirito santo,136,2017-01-01
1998,DEC,Espirito santo,21,1998-01-01
1999,DEC,Espirito santo,32,1999-01-01
2000,DEC,Espirito santo,14,2000-01-01
2001,DEC,Espirito santo,44,2001-01-01
2002,DEC,Espirito santo,225,2002-01-01
2003,DEC,Espirito santo,225,2003-01-01
2004,DEC,Espirito santo,125,2004-01-01
2005,DEC,Espirito santo,65,2005-01-01
2006,DEC,Espirito santo,32,2006-01-01
2007,DEC,Espirito santo,95,2007-01-01
2008,DEC,Espirito santo,25,2008-01-01
2009,DEC,Espirito santo,108,2009-01-01
2010,DEC,Espirito santo,105,2010-01-01
2011,DEC,Espirito santo,43,2011-01-01
2012,DEC,Espirito santo,189,2012-01-01
2013,DEC,Espirito santo,98,2013-01-01
2014,DEC,Espirito santo,155,2014-01-01
2015,DEC,Espirito santo,295,2015-01-01
2016,DEC,Espirito santo,91,2016-01-01
1998,JAN,Goias,0,1998-01-01
1999,JAN,Goias,11,1999-01-01
2000,JAN,Goias,14,2000-01-01
2001,JAN,Goias,11,2001-01-01
2002,JAN,Goias,22,2002-01-01
2003,JAN,Goias,45,2003-01-01
2004,JAN,Goias,37,2004-01-01
2005,JAN,Goias,46,2005-01-01
2006,JAN,Goias,41,2006-01-01
2007,JAN,Goias,9,2007-01-01
2008,JAN,Goias,25,2008-01-01
2009,JAN,Goias,21,2009-01-01
2010,JAN,Goias,2,2010-01-01
2011,JAN,Goias,9,2011-01-01
2012,JAN,Goias,14,2012-01-01
2013,JAN,Goias,18,2013-01-01
2014,JAN,Goias,58,2014-01-01
2015,JAN,Goias,28,2015-01-01
2016,JAN,Goias,53,2016-01-01
2017,JAN,Goias,46,2017-01-01
1998,FEB,Goias,0,1998-01-01
1999,FEB,Goias,2,1999-01-01
2000,FEB,Goias,8,2000-01-01
2001,FEB,Goias,0,2001-01-01
2002,FEB,Goias,5,2002-01-01
2003,FEB,Goias,43,2003-01-01
2004,FEB,Goias,29,2004-01-01
2005,FEB,Goias,46,2005-01-01
2006,FEB,Goias,18,2006-01-01
2007,FEB,Goias,14,2007-01-01
2008,FEB,Goias,29,2008-01-01
2009,FEB,Goias,7,2009-01-01
2010,FEB,Goias,15,2010-01-01
2011,FEB,Goias,1,2011-01-01
2012,FEB,Goias,13,2012-01-01
2013,FEB,Goias,12,2013-01-01
2014,FEB,Goias,27,2014-01-01
2015,FEB,Goias,23,2015-01-01
2016,FEB,Goias,10,2016-01-01
2017,FEB,Goias,31,2017-01-01
1998,MAR,Goias,0,1998-01-01
1999,MAR,Goias,7,1999-01-01
2000,MAR,Goias,46,2000-01-01
2001,MAR,Goias,1,2001-01-01
2002,MAR,Goias,12,2002-01-01
2003,MAR,Goias,58,2003-01-01
2004,MAR,Goias,73,2004-01-01
2005,MAR,Goias,92,2005-01-01
2006,MAR,Goias,48,2006-01-01
2007,MAR,Goias,23,2007-01-01
2008,MAR,Goias,14,2008-01-01
2009,MAR,Goias,33,2009-01-01
2010,MAR,Goias,9,2010-01-01
2011,MAR,Goias,8,2011-01-01
2012,MAR,Goias,65,2012-01-01
2013,MAR,Goias,14,2013-01-01
2014,MAR,Goias,15,2014-01-01
2015,MAR,Goias,37,2015-01-01
2016,MAR,Goias,21,2016-01-01
2017,MAR,Goias,12,2017-01-01
1998,APR,Goias,0,1998-01-01
1999,APR,Goias,0,1999-01-01
2000,APR,Goias,7,2000-01-01
2001,APR,Goias,1,2001-01-01
2002,APR,Goias,7,2002-01-01
2003,APR,Goias,120,2003-01-01
2004,APR,Goias,59,2004-01-01
2005,APR,Goias,25,2005-01-01
2006,APR,Goias,30,2006-01-01
2007,APR,Goias,2,2007-01-01
2008,APR,Goias,31,2008-01-01
2009,APR,Goias,57,2009-01-01
2010,APR,Goias,19,2010-01-01
2011,APR,Goias,5,2011-01-01
2012,APR,Goias,40,2012-01-01
2013,APR,Goias,46,2013-01-01
2014,APR,Goias,34,2014-01-01
2015,APR,Goias,32,2015-01-01
2016,APR,Goias,36,2016-01-01
2017,APR,Goias,26,2017-01-01
1998,MAY,Goias,0,1998-01-01
1999,MAY,Goias,1,1999-01-01
2000,MAY,Goias,0,2000-01-01
2001,MAY,Goias,2,2001-01-01
2002,MAY,Goias,3,2002-01-01
2003,MAY,Goias,84,2003-01-01
2004,MAY,Goias,2,2004-01-01
2005,MAY,Goias,21,2005-01-01
2006,MAY,Goias,33,2006-01-01
2007,MAY,Goias,2,2007-01-01
2008,MAY,Goias,15,2008-01-01
2009,MAY,Goias,33,2009-01-01
2010,MAY,Goias,1,2010-01-01
2011,MAY,Goias,16,2011-01-01
2012,MAY,Goias,60,2012-01-01
2013,MAY,Goias,52,2013-01-01
2014,MAY,Goias,42,2014-01-01
2015,MAY,Goias,70,2015-01-01
2016,MAY,Goias,26,2016-01-01
2017,MAY,Goias,36,2017-01-01
1998,JUNE,Goias,2,1998-01-01
1999,JUNE,Goias,0,1999-01-01
2000,JUNE,Goias,2,2000-01-01
2001,JUNE,Goias,1,2001-01-01
2002,JUNE,Goias,0,2002-01-01
2003,JUNE,Goias,68,2003-01-01
2004,JUNE,Goias,127,2004-01-01
2005,JUNE,Goias,58,2005-01-01
2006,JUNE,Goias,32,2006-01-01
2007,JUNE,Goias,11,2007-01-01
2008,JUNE,Goias,2,2008-01-01
2009,JUNE,Goias,14,2009-01-01
2010,JUNE,Goias,1,2010-01-01
2011,JUNE,Goias,26,2011-01-01
2012,JUNE,Goias,42,2012-01-01
2013,JUNE,Goias,31,2013-01-01
2014,JUNE,Goias,3,2014-01-01
2015,JUNE,Goias,104,2015-01-01
2016,JUNE,Goias,79,2016-01-01
2017,JUNE,Goias,70,2017-01-01
1998,JULY,Goias,0,1998-01-01
1999,JULY,Goias,2,1999-01-01
2000,JULY,Goias,21,2000-01-01
2001,JULY,Goias,5,2001-01-01
2002,JULY,Goias,82,2002-01-01
2003,JULY,Goias,43,2003-01-01
2004,JULY,Goias,94,2004-01-01
2005,JULY,Goias,90,2005-01-01
2006,JULY,Goias,74,2006-01-01
2007,JULY,Goias,12,2007-01-01
2008,JULY,Goias,46,2008-01-01
2009,JULY,Goias,26,2009-01-01
2010,JULY,Goias,31,2010-01-01
2011,JULY,Goias,31,2011-01-01
2012,JULY,Goias,42,2012-01-01
2013,JULY,Goias,69,2013-01-01
2014,JULY,Goias,82,2014-01-01
2015,JULY,Goias,45,2015-01-01
2016,JULY,Goias,480,2016-01-01
2017,JULY,Goias,591,2017-01-01
1998,AUG,Goias,0,1998-01-01
1999,AUG,Goias,51,1999-01-01
2000,AUG,Goias,69,2000-01-01
2001,AUG,Goias,24,2001-01-01
2002,AUG,Goias,702,2002-01-01
2003,AUG,Goias,2,2003-01-01
2004,AUG,Goias,728,2004-01-01
2005,AUG,Goias,391,2005-01-01
2006,AUG,Goias,728,2006-01-01
2007,AUG,Goias,462,2007-01-01
2008,AUG,Goias,0,2008-01-01
2009,AUG,Goias,759,2009-01-01
2010,AUG,Goias,511,2010-01-01
2011,AUG,Goias,175,2011-01-01
2012,AUG,Goias,398,2012-01-01
2013,AUG,Goias,236,2013-01-01
2014,AUG,Goias,459,2014-01-01
2015,AUG,Goias,379,2015-01-01
2016,AUG,Goias,0,2016-01-01
2017,AUG,Goias,713,2017-01-01
1998,SEPT,Goias,6,1998-01-01
1999,SEPT,Goias,101,1999-01-01
2000,SEPT,Goias,36,2000-01-01
2001,SEPT,Goias,18,2001-01-01
2002,SEPT,Goias,416,2002-01-01
2003,SEPT,Goias,1,2003-01-01
2004,SEPT,Goias,755,2004-01-01
2005,SEPT,Goias,116,2005-01-01
2006,SEPT,Goias,530,2006-01-01
2007,SEPT,Goias,617,2007-01-01
2008,SEPT,Goias,233,2008-01-01
2009,SEPT,Goias,47,2009-01-01
2010,SEPT,Goias,198,2010-01-01
2011,SEPT,Goias,450,2011-01-01
2012,SEPT,Goias,188,2012-01-01
2013,SEPT,Goias,303,2013-01-01
2014,SEPT,Goias,208,2014-01-01
2015,SEPT,Goias,156,2015-01-01
2016,SEPT,Goias,644,2016-01-01
2017,SEPT,Goias,626,2017-01-01
1998,OCT,Goias,4,1998-01-01
1999,OCT,Goias,16,1999-01-01
2000,OCT,Goias,55,2000-01-01
2001,OCT,Goias,26,2001-01-01
2002,OCT,Goias,42,2002-01-01
2003,OCT,Goias,669,2003-01-01
2004,OCT,Goias,704,2004-01-01
2005,OCT,Goias,197,2005-01-01
2006,OCT,Goias,269,2006-01-01
2007,OCT,Goias,35,2007-01-01
2008,OCT,Goias,56,2008-01-01
2009,OCT,Goias,252,2009-01-01
2010,OCT,Goias,76,2010-01-01
2011,OCT,Goias,102,2011-01-01
2012,OCT,Goias,34,2012-01-01
2013,OCT,Goias,0,2013-01-01
2014,OCT,Goias,122,2014-01-01
2015,OCT,Goias,21,2015-01-01
2016,OCT,Goias,56,2016-01-01
2017,OCT,Goias,51,2017-01-01
1998,NOV,Goias,21,1998-01-01
1999,NOV,Goias,84,1999-01-01
2000,NOV,Goias,19,2000-01-01
2001,NOV,Goias,66,2001-01-01
2002,NOV,Goias,348,2002-01-01
2003,NOV,Goias,347,2003-01-01
2004,NOV,Goias,279,2004-01-01
2005,NOV,Goias,384,2005-01-01
2006,NOV,Goias,45,2006-01-01
2007,NOV,Goias,26,2007-01-01
2008,NOV,Goias,16,2008-01-01
2009,NOV,Goias,61,2009-01-01
2010,NOV,Goias,88,2010-01-01
2011,NOV,Goias,79,2011-01-01
2012,NOV,Goias,72,2012-01-01
2013,NOV,Goias,84,2013-01-01
2014,NOV,Goias,43,2014-01-01
2015,NOV,Goias,9,2015-01-01
2016,NOV,Goias,156,2016-01-01
2017,NOV,Goias,152,2017-01-01
1998,DEC,Goias,26,1998-01-01
1999,DEC,Goias,89,1999-01-01
2000,DEC,Goias,29,2000-01-01
2001,DEC,Goias,45,2001-01-01
2002,DEC,Goias,76,2002-01-01
2003,DEC,Goias,129,2003-01-01
2004,DEC,Goias,68,2004-01-01
2005,DEC,Goias,17,2005-01-01
2006,DEC,Goias,7,2006-01-01
2007,DEC,Goias,17,2007-01-01
2008,DEC,Goias,29,2008-01-01
2009,DEC,Goias,20,2009-01-01
2010,DEC,Goias,23,2010-01-01
2011,DEC,Goias,24,2011-01-01
2012,DEC,Goias,32,2012-01-01
2013,DEC,Goias,0,2013-01-01
2014,DEC,Goias,45,2014-01-01
2015,DEC,Goias,19,2015-01-01
2016,DEC,Goias,20,2016-01-01
1998,JAN,Maranhao,0,1998-01-01
1999,JAN,Maranhao,54,1999-01-01
2000,JAN,Maranhao,19,2000-01-01
2001,JAN,Maranhao,29,2001-01-01
2002,JAN,Maranhao,48,2002-01-01
2003,JAN,Maranhao,436,2003-01-01
2004,JAN,Maranhao,241,2004-01-01
2005,JAN,Maranhao,450,2005-01-01
2006,JAN,Maranhao,221,2006-01-01
2007,JAN,Maranhao,428,2007-01-01
2008,JAN,Maranhao,121,2008-01-01
2009,JAN,Maranhao,0,2009-01-01
2010,JAN,Maranhao,319,2010-01-01
2011,JAN,Maranhao,124,2011-01-01
2012,JAN,Maranhao,326,2012-01-01
2013,JAN,Maranhao,209,2013-01-01
2014,JAN,Maranhao,195,2014-01-01
2015,JAN,Maranhao,494,2015-01-01
2016,JAN,Maranhao,412,2016-01-01
2017,JAN,Maranhao,187,2017-01-01
1998,FEB,Maranhao,0,1998-01-01
1999,FEB,Maranhao,6,1999-01-01
2000,FEB,Maranhao,11,2000-01-01
2001,FEB,Maranhao,1,2001-01-01
2002,FEB,Maranhao,116,2002-01-01
2003,FEB,Maranhao,11,2003-01-01
2004,FEB,Maranhao,22,2004-01-01
2005,FEB,Maranhao,56,2005-01-01
2006,FEB,Maranhao,22,2006-01-01
2007,FEB,Maranhao,13,2007-01-01
2008,FEB,Maranhao,45,2008-01-01
2009,FEB,Maranhao,20,2009-01-01
2010,FEB,Maranhao,93,2010-01-01
2011,FEB,Maranhao,9,2011-01-01
2012,FEB,Maranhao,46,2012-01-01
2013,FEB,Maranhao,62,2013-01-01
2014,FEB,Maranhao,29,2014-01-01
2015,FEB,Maranhao,95,2015-01-01
2016,FEB,Maranhao,318,2016-01-01
2017,FEB,Maranhao,47,2017-01-01
1998,MAR,Maranhao,0,1998-01-01
1999,MAR,Maranhao,17,1999-01-01
2000,MAR,Maranhao,6,2000-01-01
2001,MAR,Maranhao,0,2001-01-01
2002,MAR,Maranhao,16,2002-01-01
2003,MAR,Maranhao,16,2003-01-01
2004,MAR,Maranhao,18,2004-01-01
2005,MAR,Maranhao,9,2005-01-01
2006,MAR,Maranhao,14,2006-01-01
2007,MAR,Maranhao,52,2007-01-01
2008,MAR,Maranhao,4,2008-01-01
2009,MAR,Maranhao,33,2009-01-01
2010,MAR,Maranhao,82,2010-01-01
2011,MAR,Maranhao,22,2011-01-01
2012,MAR,Maranhao,49,2012-01-01
2013,MAR,Maranhao,30,2013-01-01
2014,MAR,Maranhao,59,2014-01-01
2015,MAR,Maranhao,53,2015-01-01
2016,MAR,Maranhao,113,2016-01-01
2017,MAR,Maranhao,32,2017-01-01
1998,APR,Maranhao,0,1998-01-01
1999,APR,Maranhao,4,1999-01-01
2000,APR,Maranhao,6,2000-01-01
2001,APR,Maranhao,2,2001-01-01
2002,APR,Maranhao,28,2002-01-01
2003,APR,Maranhao,79,2003-01-01
2004,APR,Maranhao,0,2004-01-01
2005,APR,Maranhao,43,2005-01-01
2006,APR,Maranhao,9,2006-01-01
2007,APR,Maranhao,5,2007-01-01
2008,APR,Maranhao,26,2008-01-01
2009,APR,Maranhao,14,2009-01-01
2010,APR,Maranhao,128,2010-01-01
2011,APR,Maranhao,37,2011-01-01
2012,APR,Maranhao,97,2012-01-01
2013,APR,Maranhao,62,2013-01-01
2014,APR,Maranhao,78,2014-01-01
2015,APR,Maranhao,119,2015-01-01
2016,APR,Maranhao,113,2016-01-01
2017,APR,Maranhao,91,2017-01-01
1998,MAY,Maranhao,0,1998-01-01
1999,MAY,Maranhao,3,1999-01-01
2000,MAY,Maranhao,28,2000-01-01
2001,MAY,Maranhao,21,2001-01-01
2002,MAY,Maranhao,71,2002-01-01
2003,MAY,Maranhao,60,2003-01-01
2004,MAY,Maranhao,145,2004-01-01
2005,MAY,Maranhao,74,2005-01-01
2006,MAY,Maranhao,5,2006-01-01
2007,MAY,Maranhao,73,2007-01-01
2008,MAY,Maranhao,26,2008-01-01
2009,MAY,Maranhao,19,2009-01-01
2010,MAY,Maranhao,273,2010-01-01
2011,MAY,Maranhao,73,2011-01-01
2012,MAY,Maranhao,286,2012-01-01
2013,MAY,Maranhao,100,2013-01-01
2014,MAY,Maranhao,148,2014-01-01
2015,MAY,Maranhao,194,2015-01-01
2016,MAY,Maranhao,206,2016-01-01
2017,MAY,Maranhao,142,2017-01-01
1998,JUNE,Maranhao,78,1998-01-01
1999,JUNE,Maranhao,32,1999-01-01
2000,JUNE,Maranhao,94,2000-01-01
2001,JUNE,Maranhao,100,2001-01-01
2002,JUNE,Maranhao,230,2002-01-01
2003,JUNE,Maranhao,338,2003-01-01
2004,JUNE,Maranhao,706,2004-01-01
2005,JUNE,Maranhao,529,2005-01-01
2006,JUNE,Maranhao,131,2006-01-01
2007,JUNE,Maranhao,515,2007-01-01
2008,JUNE,Maranhao,235,2008-01-01
2009,JUNE,Maranhao,279,2009-01-01
2010,JUNE,Maranhao,494,2010-01-01
2011,JUNE,Maranhao,602,2011-01-01
2012,JUNE,Maranhao,915,2012-01-01
2013,JUNE,Maranhao,498,2013-01-01
2014,JUNE,Maranhao,812,2014-01-01
2015,JUNE,Maranhao,887,2015-01-01
2016,JUNE,Maranhao,709,2016-01-01
2017,JUNE,Maranhao,885,2017-01-01
1998,JULY,Maranhao,274,1998-01-01
1999,JULY,Maranhao,258,1999-01-01
2000,JULY,Maranhao,233,2000-01-01
2001,JULY,Maranhao,549,2001-01-01
2002,JULY,Maranhao,1,2002-01-01
2003,JULY,Maranhao,1,2003-01-01
2004,JULY,Maranhao,1,2004-01-01
2005,JULY,Maranhao,1,2005-01-01
2006,JULY,Maranhao,512,2006-01-01
2007,JULY,Maranhao,1,2007-01-01
2008,JULY,Maranhao,502,2008-01-01
2009,JULY,Maranhao,972,2009-01-01
2010,JULY,Maranhao,2,2010-01-01
2011,JULY,Maranhao,1,2011-01-01
2012,JULY,Maranhao,4,2012-01-01
2013,JULY,Maranhao,1,2013-01-01
2014,JULY,Maranhao,2,2014-01-01
2015,JULY,Maranhao,2,2015-01-01
2016,JULY,Maranhao,2,2016-01-01
2017,JULY,Maranhao,3,2017-01-01
1998,AUG,Maranhao,1,1998-01-01
1999,AUG,Maranhao,895,1999-01-01
2000,AUG,Maranhao,839,2000-01-01
2001,AUG,Maranhao,2,2001-01-01
2002,AUG,Maranhao,3,2002-01-01
2003,AUG,Maranhao,2,2003-01-01
2004,AUG,Maranhao,2,2004-01-01
2005,AUG,Maranhao,0,2005-01-01
2006,AUG,Maranhao,1,2006-01-01
2007,AUG,Maranhao,8,2007-01-01
2008,AUG,Maranhao,713,2008-01-01
2009,AUG,Maranhao,2,2009-01-01
2010,AUG,Maranhao,6,2010-01-01
2011,AUG,Maranhao,2,2011-01-01
2012,AUG,Maranhao,10,2012-01-01
2013,AUG,Maranhao,2,2013-01-01
2014,AUG,Maranhao,6,2014-01-01
2015,AUG,Maranhao,5,2015-01-01
2016,AUG,Maranhao,0,2016-01-01
2017,AUG,Maranhao,4,2017-01-01
1998,SEPT,Maranhao,4,1998-01-01
1999,SEPT,Maranhao,2,1999-01-01
2000,SEPT,Maranhao,1,2000-01-01
2001,SEPT,Maranhao,5,2001-01-01
2002,SEPT,Maranhao,3,2002-01-01
2003,SEPT,Maranhao,6,2003-01-01
2004,SEPT,Maranhao,5,2004-01-01
2005,SEPT,Maranhao,6,2005-01-01
2006,SEPT,Maranhao,3,2006-01-01
2007,SEPT,Maranhao,9,2007-01-01
2008,SEPT,Maranhao,3,2008-01-01
2009,SEPT,Maranhao,2,2009-01-01
2010,SEPT,Maranhao,10,2010-01-01
2011,SEPT,Maranhao,5,2011-01-01
2012,SEPT,Maranhao,8,2012-01-01
2013,SEPT,Maranhao,4,2013-01-01
2014,SEPT,Maranhao,4,2014-01-01
2015,SEPT,Maranhao,6,2015-01-01
2016,SEPT,Maranhao,3,2016-01-01
2017,SEPT,Maranhao,15,2017-01-01
1998,OCT,Maranhao,5,1998-01-01
1999,OCT,Maranhao,3,1999-01-01
2000,OCT,Maranhao,3,2000-01-01
2001,OCT,Maranhao,7,2001-01-01
2002,OCT,Maranhao,5,2002-01-01
2003,OCT,Maranhao,6,2003-01-01
2004,OCT,Maranhao,4,2004-01-01
2005,OCT,Maranhao,6,2005-01-01
2006,OCT,Maranhao,3,2006-01-01
2007,OCT,Maranhao,5,2007-01-01
2008,OCT,Maranhao,3,2008-01-01
2009,OCT,Maranhao,2,2009-01-01
2010,OCT,Maranhao,3,2010-01-01
2011,OCT,Maranhao,2,2011-01-01
2012,OCT,Maranhao,5,2012-01-01
2013,OCT,Maranhao,3,2013-01-01
2014,OCT,Maranhao,6,2014-01-01
2015,OCT,Maranhao,7,2015-01-01
2016,OCT,Maranhao,5,2016-01-01
2017,OCT,Maranhao,6,2017-01-01
1998,NOV,Maranhao,2,1998-01-01
1999,NOV,Maranhao,1,1999-01-01
2000,NOV,Maranhao,2,2000-01-01
2001,NOV,Maranhao,4,2001-01-01
2002,NOV,Maranhao,6,2002-01-01
2003,NOV,Maranhao,5,2003-01-01
2004,NOV,Maranhao,6,2004-01-01
2005,NOV,Maranhao,5,2005-01-01
2006,NOV,Maranhao,2,2006-01-01
2007,NOV,Maranhao,2,2007-01-01
2008,NOV,Maranhao,2,2008-01-01
2009,NOV,Maranhao,5,2009-01-01
2010,NOV,Maranhao,4,2010-01-01
2011,NOV,Maranhao,2,2011-01-01
2012,NOV,Maranhao,2,2012-01-01
2013,NOV,Maranhao,3,2013-01-01
2014,NOV,Maranhao,4,2014-01-01
2015,NOV,Maranhao,4,2015-01-01
2016,NOV,Maranhao,4,2016-01-01
2017,NOV,Maranhao,2,2017-01-01
1998,DEC,Maranhao,1,1998-01-01
1999,DEC,Maranhao,1,1999-01-01
2000,DEC,Maranhao,1,2000-01-01
2001,DEC,Maranhao,1,2001-01-01
2002,DEC,Maranhao,2,2002-01-01
2003,DEC,Maranhao,2,2003-01-01
2004,DEC,Maranhao,3,2004-01-01
2005,DEC,Maranhao,2,2005-01-01
2006,DEC,Maranhao,1,2006-01-01
2007,DEC,Maranhao,800,2007-01-01
2008,DEC,Maranhao,1,2008-01-01
2009,DEC,Maranhao,2,2009-01-01
2010,DEC,Maranhao,2,2010-01-01
2011,DEC,Maranhao,2,2011-01-01
2012,DEC,Maranhao,1,2012-01-01
2013,DEC,Maranhao,3,2013-01-01
2014,DEC,Maranhao,2,2014-01-01
2015,DEC,Maranhao,4,2015-01-01
2016,DEC,Maranhao,2,2016-01-01
1998,JAN,Mato grosso,0,1998-01-01
1999,JAN,Mato grosso,39,1999-01-01
2000,JAN,Mato grosso,44,2000-01-01
2001,JAN,Mato grosso,44,2001-01-01
2002,JAN,Mato grosso,172,2002-01-01
2003,JAN,Mato grosso,896,2003-01-01
2004,JAN,Mato grosso,301,2004-01-01
2005,JAN,Mato grosso,438,2005-01-01
2006,JAN,Mato grosso,947,2006-01-01
2007,JAN,Mato grosso,476,2007-01-01
2008,JAN,Mato grosso,245,2008-01-01
2009,JAN,Mato grosso,527,2009-01-01
2010,JAN,Mato grosso,298,2010-01-01
2011,JAN,Mato grosso,171,2011-01-01
2012,JAN,Mato grosso,166,2012-01-01
2013,JAN,Mato grosso,269,2013-01-01
2014,JAN,Mato grosso,315,2014-01-01
2015,JAN,Mato grosso,960,2015-01-01
2016,JAN,Mato grosso,374,2016-01-01
2017,JAN,Mato grosso,482,2017-01-01
1998,FEB,Mato grosso,0,1998-01-01
1999,FEB,Mato grosso,28,1999-01-01
2000,FEB,Mato grosso,35,2000-01-01
2001,FEB,Mato grosso,54,2001-01-01
2002,FEB,Mato grosso,22,2002-01-01
2003,FEB,Mato grosso,592,2003-01-01
2004,FEB,Mato grosso,272,2004-01-01
2005,FEB,Mato grosso,871,2005-01-01
2006,FEB,Mato grosso,383,2006-01-01
2007,FEB,Mato grosso,213,2007-01-01
2008,FEB,Mato grosso,180,2008-01-01
2009,FEB,Mato grosso,248,2009-01-01
2010,FEB,Mato grosso,431,2010-01-01
2011,FEB,Mato grosso,119,2011-01-01
2012,FEB,Mato grosso,193,2012-01-01
2013,FEB,Mato grosso,375,2013-01-01
2014,FEB,Mato grosso,199,2014-01-01
2015,FEB,Mato grosso,542,2015-01-01
2016,FEB,Mato grosso,1,2016-01-01
2017,FEB,Mato grosso,337,2017-01-01
1998,MAR,Mato grosso,0,1998-01-01
1999,MAR,Mato grosso,18,1999-01-01
2000,MAR,Mato grosso,60,2000-01-01
2001,MAR,Mato grosso,24,2001-01-01
2002,MAR,Mato grosso,103,2002-01-01
2003,MAR,Mato grosso,554,2003-01-01
2004,MAR,Mato grosso,743,2004-01-01
2005,MAR,Mato grosso,362,2005-01-01
2006,MAR,Mato grosso,448,2006-01-01
2007,MAR,Mato grosso,476,2007-01-01
2008,MAR,Mato grosso,180,2008-01-01
2009,MAR,Mato grosso,325,2009-01-01
2010,MAR,Mato grosso,605,2010-01-01
2011,MAR,Mato grosso,252,2011-01-01
2012,MAR,Mato grosso,423,2012-01-01
2013,MAR,Mato grosso,563,2013-01-01
2014,MAR,Mato grosso,655,2014-01-01
2015,MAR,Mato grosso,705,2015-01-01
2016,MAR,Mato grosso,1,2016-01-01
2017,MAR,Mato grosso,719,2017-01-01
1998,APR,Mato grosso,0,1998-01-01
1999,APR,Mato grosso,76,1999-01-01
2000,APR,Mato grosso,59,2000-01-01
2001,APR,Mato grosso,309,2001-01-01
2002,APR,Mato grosso,641,2002-01-01
2003,APR,Mato grosso,903,2003-01-01
2004,APR,Mato grosso,441,2004-01-01
2005,APR,Mato grosso,372,2005-01-01
2006,APR,Mato grosso,0,2006-01-01
2007,APR,Mato grosso,79,2007-01-01
2008,APR,Mato grosso,274,2008-01-01
2009,APR,Mato grosso,169,2009-01-01
2010,APR,Mato grosso,769,2010-01-01
2011,APR,Mato grosso,345,2011-01-01
2012,APR,Mato grosso,521,2012-01-01
2013,APR,Mato grosso,338,2013-01-01
2014,APR,Mato grosso,859,2014-01-01
2015,APR,Mato grosso,947,2015-01-01
2016,APR,Mato grosso,2,2016-01-01
2017,APR,Mato grosso,606,2017-01-01
1998,MAY,Mato grosso,0,1998-01-01
1999,MAY,Mato grosso,731,1999-01-01
2000,MAY,Mato grosso,1,2000-01-01
2001,MAY,Mato grosso,1,2001-01-01
2002,MAY,Mato grosso,3,2002-01-01
2003,MAY,Mato grosso,942,2003-01-01
2004,MAY,Mato grosso,2,2004-01-01
2005,MAY,Mato grosso,2,2005-01-01
2006,MAY,Mato grosso,269,2006-01-01
2007,MAY,Mato grosso,359,2007-01-01
2008,MAY,Mato grosso,119,2008-01-01
2009,MAY,Mato grosso,516,2009-01-01
2010,MAY,Mato grosso,1,2010-01-01
2011,MAY,Mato grosso,547,2011-01-01
2012,MAY,Mato grosso,812,2012-01-01
2013,MAY,Mato grosso,739,2013-01-01
2014,MAY,Mato grosso,933,2014-01-01
2015,MAY,Mato grosso,541,2015-01-01
2016,MAY,Mato grosso,1,2016-01-01
2017,MAY,Mato grosso,845,2017-01-01
1998,JUNE,Mato grosso,2,1998-01-01
1999,JUNE,Mato grosso,2,1999-01-01
2000,JUNE,Mato grosso,4,2000-01-01
2001,JUNE,Mato grosso,7,2001-01-01
2002,JUNE,Mato grosso,8,2002-01-01
2003,JUNE,Mato grosso,4,2003-01-01
2004,JUNE,Mato grosso,10,2004-01-01
2005,JUNE,Mato grosso,2,2005-01-01
2006,JUNE,Mato grosso,856,2006-01-01
2007,JUNE,Mato grosso,1,2007-01-01
2008,JUNE,Mato grosso,403,2008-01-01
2009,JUNE,Mato grosso,979,2009-01-01
2010,JUNE,Mato grosso,1,2010-01-01
2011,JUNE,Mato grosso,974,2011-01-01
2012,JUNE,Mato grosso,2,2012-01-01
2013,JUNE,Mato grosso,1,2013-01-01
2014,JUNE,Mato grosso,2,2014-01-01
2015,JUNE,Mato grosso,1,2015-01-01
2016,JUNE,Mato grosso,1,2016-01-01
2017,JUNE,Mato grosso,2,2017-01-01
1998,JULY,Mato grosso,4,1998-01-01
1999,JULY,Mato grosso,4,1999-01-01
2000,JULY,Mato grosso,1,2000-01-01
2001,JULY,Mato grosso,2,2001-01-01
2002,JULY,Mato grosso,6,2002-01-01
2003,JULY,Mato grosso,5,2003-01-01
2004,JULY,Mato grosso,12,2004-01-01
2005,JULY,Mato grosso,4,2005-01-01
2006,JULY,Mato grosso,2,2006-01-01
2007,JULY,Mato grosso,2,2007-01-01
2008,JULY,Mato grosso,1,2008-01-01
2009,JULY,Mato grosso,2,2009-01-01
2010,JULY,Mato grosso,3,2010-01-01
2011,JULY,Mato grosso,1,2011-01-01
2012,JULY,Mato grosso,2,2012-01-01
2013,JULY,Mato grosso,2,2013-01-01
2014,JULY,Mato grosso,2,2014-01-01
2015,JULY,Mato grosso,2,2015-01-01
2016,JULY,Mato grosso,3,2016-01-01
2017,JULY,Mato grosso,3,2017-01-01
1998,AUG,Mato grosso,15,1998-01-01
1999,AUG,Mato grosso,19,1999-01-01
2000,AUG,Mato grosso,6,2000-01-01
2001,AUG,Mato grosso,8,2001-01-01
2002,AUG,Mato grosso,14,2002-01-01
2003,AUG,Mato grosso,11,2003-01-01
2004,AUG,Mato grosso,14,2004-01-01
2005,AUG,Mato grosso,12,2005-01-01
2006,AUG,Mato grosso,6,2006-01-01
2007,AUG,Mato grosso,14,2007-01-01
2008,AUG,Mato grosso,3,2008-01-01
2009,AUG,Mato grosso,2,2009-01-01
2010,AUG,Mato grosso,15,2010-01-01
2011,AUG,Mato grosso,3,2011-01-01
2012,AUG,Mato grosso,6,2012-01-01
2013,AUG,Mato grosso,4,2013-01-01
2014,AUG,Mato grosso,7,2014-01-01
2015,AUG,Mato grosso,5,2015-01-01
2016,AUG,Mato grosso,6,2016-01-01
2017,AUG,Mato grosso,6,2017-01-01
1998,SEPT,Mato grosso,10,1998-01-01
1999,SEPT,Mato grosso,12,1999-01-01
2000,SEPT,Mato grosso,6,2000-01-01
2001,SEPT,Mato grosso,8,2001-01-01
2002,SEPT,Mato grosso,11,2002-01-01
2003,SEPT,Mato grosso,16,2003-01-01
2004,SEPT,Mato grosso,25,2004-01-01
2005,SEPT,Mato grosso,21,2005-01-01
2006,SEPT,Mato grosso,13,2006-01-01
2007,SEPT,Mato grosso,26,2007-01-01
2008,SEPT,Mato grosso,8,2008-01-01
2009,SEPT,Mato grosso,3,2009-01-01
2010,SEPT,Mato grosso,18,2010-01-01
2011,SEPT,Mato grosso,6,2011-01-01
2012,SEPT,Mato grosso,10,2012-01-01
2013,SEPT,Mato grosso,6,2013-01-01
2014,SEPT,Mato grosso,7,2014-01-01
2015,SEPT,Mato grosso,11,2015-01-01
2016,SEPT,Mato grosso,9,2016-01-01
2017,SEPT,Mato grosso,24,2017-01-01
1998,OCT,Mato grosso,3,1998-01-01
1999,OCT,Mato grosso,6,1999-01-01
2000,OCT,Mato grosso,6,2000-01-01
2001,OCT,Mato grosso,7,2001-01-01
2002,OCT,Mato grosso,9,2002-01-01
2003,OCT,Mato grosso,5,2003-01-01
2004,OCT,Mato grosso,9,2004-01-01
2005,OCT,Mato grosso,8,2005-01-01
2006,OCT,Mato grosso,2,2006-01-01
2007,OCT,Mato grosso,5,2007-01-01
2008,OCT,Mato grosso,6,2008-01-01
2009,OCT,Mato grosso,3,2009-01-01
2010,OCT,Mato grosso,4,2010-01-01
2011,OCT,Mato grosso,2,2011-01-01
2012,OCT,Mato grosso,3,2012-01-01
2013,OCT,Mato grosso,2,2013-01-01
2014,OCT,Mato grosso,5,2014-01-01
2015,OCT,Mato grosso,6,2015-01-01
2016,OCT,Mato grosso,3,2016-01-01
2017,OCT,Mato grosso,5,2017-01-01
1998,NOV,Mato grosso,182,1998-01-01
1999,NOV,Mato grosso,842,1999-01-01
2000,NOV,Mato grosso,502,2000-01-01
2001,NOV,Mato grosso,373,2001-01-01
2002,NOV,Mato grosso,3,2002-01-01
2003,NOV,Mato grosso,2,2003-01-01
2004,NOV,Mato grosso,2,2004-01-01
2005,NOV,Mato grosso,1,2005-01-01
2006,NOV,Mato grosso,1,2006-01-01
2007,NOV,Mato grosso,299,2007-01-01
2008,NOV,Mato grosso,190,2008-01-01
2009,NOV,Mato grosso,588,2009-01-01
2010,NOV,Mato grosso,768,2010-01-01
2011,NOV,Mato grosso,1,2011-01-01
2012,NOV,Mato grosso,375,2012-01-01
2013,NOV,Mato grosso,1,2013-01-01
2014,NOV,Mato grosso,1,2014-01-01
2015,NOV,Mato grosso,2,2015-01-01
2016,NOV,Mato grosso,918,2016-01-01
2017,NOV,Mato grosso,813,2017-01-01
1998,DEC,Mato grosso,76,1998-01-01
1999,DEC,Mato grosso,47,1999-01-01
2000,DEC,Mato grosso,98,2000-01-01
2001,DEC,Mato grosso,37,2001-01-01
2002,DEC,Mato grosso,1,2002-01-01
2003,DEC,Mato grosso,2,2003-01-01
2004,DEC,Mato grosso,1,2004-01-01
2005,DEC,Mato grosso,246,2005-01-01
2006,DEC,Mato grosso,23,2006-01-01
2007,DEC,Mato grosso,81,2007-01-01
2008,DEC,Mato grosso,159,2008-01-01
2009,DEC,Mato grosso,171,2009-01-01
2010,DEC,Mato grosso,846,2010-01-01
2011,DEC,Mato grosso,431,2011-01-01
2012,DEC,Mato grosso,492,2012-01-01
2013,DEC,Mato grosso,447,2013-01-01
2014,DEC,Mato grosso,466,2014-01-01
2015,DEC,Mato grosso,2,2015-01-01
2016,DEC,Mato grosso,425,2016-01-01
1999,JAN,Mato grosso,239,1999-01-01
2000,JAN,Mato grosso,326,2000-01-01
2001,JAN,Mato grosso,97,2001-01-01
2002,JAN,Mato grosso,304,2002-01-01
2003,JAN,Mato grosso,182,2003-01-01
2004,JAN,Mato grosso,258,2004-01-01
2005,JAN,Mato grosso,59,2005-01-01
2006,JAN,Mato grosso,59,2006-01-01
2007,JAN,Mato grosso,19,2007-01-01
2008,JAN,Mato grosso,63,2008-01-01
2009,JAN,Mato grosso,229,2009-01-01
2010,JAN,Mato grosso,72,2010-01-01
2011,JAN,Mato grosso,129,2011-01-01
2012,JAN,Mato grosso,201,2012-01-01
2013,JAN,Mato grosso,174,2013-01-01
2014,JAN,Mato grosso,197,2014-01-01
2015,JAN,Mato grosso,226,2015-01-01
2016,JAN,Mato grosso,127,2016-01-01
2017,JAN,Mato grosso,355,2017-01-01
1999,FEB,Mato grosso,69,1999-01-01
2000,FEB,Mato grosso,81,2000-01-01
2001,FEB,Mato grosso,89,2001-01-01
2002,FEB,Mato grosso,98,2002-01-01
2003,FEB,Mato grosso,108,2003-01-01
2004,FEB,Mato grosso,169,2004-01-01
2005,FEB,Mato grosso,221,2005-01-01
2006,FEB,Mato grosso,0,2006-01-01
2007,FEB,Mato grosso,111,2007-01-01
2008,FEB,Mato grosso,78,2008-01-01
2009,FEB,Mato grosso,164,2009-01-01
2010,FEB,Mato grosso,157,2010-01-01
2011,FEB,Mato grosso,61,2011-01-01
2012,FEB,Mato grosso,112,2012-01-01
2013,FEB,Mato grosso,100,2013-01-01
2014,FEB,Mato grosso,139,2014-01-01
2015,FEB,Mato grosso,148,2015-01-01
2016,FEB,Mato grosso,187,2016-01-01
2017,FEB,Mato grosso,165,2017-01-01
1999,MAR,Mato grosso,0,1999-01-01
2000,MAR,Mato grosso,23,2000-01-01
2001,MAR,Mato grosso,39,2001-01-01
2002,MAR,Mato grosso,115,2002-01-01
2003,MAR,Mato grosso,137,2003-01-01
2004,MAR,Mato grosso,225,2004-01-01
2005,MAR,Mato grosso,158,2005-01-01
2006,MAR,Mato grosso,137,2006-01-01
2007,MAR,Mato grosso,137,2007-01-01
2008,MAR,Mato grosso,97,2008-01-01
2009,MAR,Mato grosso,118,2009-01-01
2010,MAR,Mato grosso,149,2010-01-01
2011,MAR,Mato grosso,37,2011-01-01
2012,MAR,Mato grosso,169,2012-01-01
2013,MAR,Mato grosso,158,2013-01-01
2014,MAR,Mato grosso,95,2014-01-01
2015,MAR,Mato grosso,190,2015-01-01
2016,MAR,Mato grosso,143,2016-01-01
2017,MAR,Mato grosso,170,2017-01-01
1998,APR,Mato grosso,0,1998-01-01
1999,APR,Mato grosso,97,1999-01-01
2000,APR,Mato grosso,90,2000-01-01
2001,APR,Mato grosso,108,2001-01-01
2002,APR,Mato grosso,230,2002-01-01
2003,APR,Mato grosso,126,2003-01-01
2004,APR,Mato grosso,97,2004-01-01
2005,APR,Mato grosso,126,2005-01-01
2006,APR,Mato grosso,51,2006-01-01
2007,APR,Mato grosso,46,2007-01-01
2008,APR,Mato grosso,72,2008-01-01
2009,APR,Mato grosso,291,2009-01-01
2010,APR,Mato grosso,136,2010-01-01
2011,APR,Mato grosso,23,2011-01-01
2012,APR,Mato grosso,97,2012-01-01
2013,APR,Mato grosso,78,2013-01-01
2014,APR,Mato grosso,129,2014-01-01
2015,APR,Mato grosso,65,2015-01-01
2016,APR,Mato grosso,161,2016-01-01
2017,APR,Mato grosso,59,2017-01-01
1999,MAY,Mato grosso,206,1999-01-01
2000,MAY,Mato grosso,127,2000-01-01
2001,MAY,Mato grosso,112,2001-01-01
2002,MAY,Mato grosso,88,2002-01-01
2003,MAY,Mato grosso,74,2003-01-01
2004,MAY,Mato grosso,25,2004-01-01
2005,MAY,Mato grosso,328,2005-01-01
2006,MAY,Mato grosso,99,2006-01-01
2007,MAY,Mato grosso,62,2007-01-01
2008,MAY,Mato grosso,34,2008-01-01
2009,MAY,Mato grosso,927,2009-01-01
2010,MAY,Mato grosso,105,2010-01-01
2011,MAY,Mato grosso,81,2011-01-01
2012,MAY,Mato grosso,157,2012-01-01
2013,MAY,Mato grosso,72,2013-01-01
2014,MAY,Mato grosso,70,2014-01-01
2015,MAY,Mato grosso,58,2015-01-01
2016,MAY,Mato grosso,97,2016-01-01
2017,MAY,Mato grosso,72,2017-01-01
1998,JUNE,Mato grosso,82,1998-01-01
1999,JUNE,Mato grosso,127,1999-01-01
2000,JUNE,Mato grosso,157,2000-01-01
2001,JUNE,Mato grosso,249,2001-01-01
2002,JUNE,Mato grosso,517,2002-01-01
2003,JUNE,Mato grosso,170,2003-01-01
2004,JUNE,Mato grosso,394,2004-01-01
2005,JUNE,Mato grosso,439,2005-01-01
2006,JUNE,Mato grosso,89,2006-01-01
2007,JUNE,Mato grosso,141,2007-01-01
2008,JUNE,Mato grosso,24,2008-01-01
2009,JUNE,Mato grosso,376,2009-01-01
2010,JUNE,Mato grosso,149,2010-01-01
2011,JUNE,Mato grosso,104,2011-01-01
2012,JUNE,Mato grosso,96,2012-01-01
2013,JUNE,Mato grosso,35,2013-01-01
2014,JUNE,Mato grosso,84,2014-01-01
2015,JUNE,Mato grosso,299,2015-01-01
2016,JUNE,Mato grosso,120,2016-01-01
2017,JUNE,Mato grosso,175,2017-01-01
1998,JULY,Mato grosso,360,1998-01-01
1999,JULY,Mato grosso,1,1999-01-01
2000,JULY,Mato grosso,160,2000-01-01
2001,JULY,Mato grosso,591,2001-01-01
2002,JULY,Mato grosso,935,2002-01-01
2003,JULY,Mato grosso,182,2003-01-01
2004,JULY,Mato grosso,529,2004-01-01
2005,JULY,Mato grosso,859,2005-01-01
2006,JULY,Mato grosso,289,2006-01-01
2007,JULY,Mato grosso,197,2007-01-01
2008,JULY,Mato grosso,116,2008-01-01
2009,JULY,Mato grosso,354,2009-01-01
2010,JULY,Mato grosso,589,2010-01-01
2011,JULY,Mato grosso,250,2011-01-01
2012,JULY,Mato grosso,538,2012-01-01
2013,JULY,Mato grosso,201,2013-01-01
2014,JULY,Mato grosso,193,2014-01-01
2015,JULY,Mato grosso,371,2015-01-01
2016,JULY,Mato grosso,687,2016-01-01
2017,JULY,Mato grosso,1,2017-01-01
1998,AUG,Mato grosso,228,1998-01-01
1999,AUG,Mato grosso,4,1999-01-01
2000,AUG,Mato grosso,530,2000-01-01
2001,AUG,Mato grosso,2,2001-01-01
2002,AUG,Mato grosso,4,2002-01-01
2003,AUG,Mato grosso,953,2003-01-01
2004,AUG,Mato grosso,1,2004-01-01
2005,AUG,Mato grosso,4,2005-01-01
2006,AUG,Mato grosso,1,2006-01-01
2007,AUG,Mato grosso,2,2007-01-01
2008,AUG,Mato grosso,456,2008-01-01
2009,AUG,Mato grosso,816,2009-01-01
2010,AUG,Mato grosso,2,2010-01-01
2011,AUG,Mato grosso,552,2011-01-01
2012,AUG,Mato grosso,3,2012-01-01
2013,AUG,Mato grosso,677,2013-01-01
2014,AUG,Mato grosso,0,2014-01-01
2015,AUG,Mato grosso,1,2015-01-01
2016,AUG,Mato grosso,1,2016-01-01
2017,AUG,Mato grosso,1,2017-01-01
1998,SEPT,Mato grosso,457,1998-01-01
1999,SEPT,Mato grosso,3,1999-01-01
2000,SEPT,Mato grosso,510,2000-01-01
2001,SEPT,Mato grosso,1,2001-01-01
2002,SEPT,Mato grosso,2,2002-01-01
2003,SEPT,Mato grosso,1,2003-01-01
2004,SEPT,Mato grosso,3,2004-01-01
2005,SEPT,Mato grosso,2,2005-01-01
2006,SEPT,Mato grosso,1,2006-01-01
2007,SEPT,Mato grosso,4,2007-01-01
2008,SEPT,Mato grosso,2,2008-01-01
2009,SEPT,Mato grosso,1,2009-01-01
2010,SEPT,Mato grosso,2,2010-01-01
2011,SEPT,Mato grosso,1,2011-01-01
2012,SEPT,Mato grosso,2,2012-01-01
2013,SEPT,Mato grosso,1,2013-01-01
2014,SEPT,Mato grosso,365,2014-01-01
2015,SEPT,Mato grosso,1,2015-01-01
2016,SEPT,Mato grosso,2,2016-01-01
2017,SEPT,Mato grosso,3,2017-01-01
1998,OCT,Mato grosso,576,1998-01-01
1999,OCT,Mato grosso,0,1999-01-01
2000,OCT,Mato grosso,657,2000-01-01
2001,OCT,Mato grosso,563,2001-01-01
2002,OCT,Mato grosso,2,2002-01-01
2003,OCT,Mato grosso,541,2003-01-01
2004,OCT,Mato grosso,960,2004-01-01
2005,OCT,Mato grosso,647,2005-01-01
2006,OCT,Mato grosso,244,2006-01-01
2007,OCT,Mato grosso,668,2007-01-01
2008,OCT,Mato grosso,432,2008-01-01
2009,OCT,Mato grosso,854,2009-01-01
2010,OCT,Mato grosso,597,2010-01-01
2011,OCT,Mato grosso,276,2011-01-01
2012,OCT,Mato grosso,652,2012-01-01
2013,OCT,Mato grosso,378,2013-01-01
2014,OCT,Mato grosso,581,2014-01-01
2015,OCT,Mato grosso,507,2015-01-01
2016,OCT,Mato grosso,1,2016-01-01
2017,OCT,Mato grosso,685,2017-01-01
1998,NOV,Mato grosso,306,1998-01-01
1999,NOV,Mato grosso,1,1999-01-01
2000,NOV,Mato grosso,274,2000-01-01
2001,NOV,Mato grosso,220,2001-01-01
2002,NOV,Mato grosso,1,2002-01-01
2003,NOV,Mato grosso,380,2003-01-01
2004,NOV,Mato grosso,208,2004-01-01
2005,NOV,Mato grosso,159,2005-01-01
2006,NOV,Mato grosso,83,2006-01-01
2007,NOV,Mato grosso,82,2007-01-01
2008,NOV,Mato grosso,50,2008-01-01
2009,NOV,Mato grosso,439,2009-01-01
2010,NOV,Mato grosso,259,2010-01-01
2011,NOV,Mato grosso,445,2011-01-01
2012,NOV,Mato grosso,115,2012-01-01
2013,NOV,Mato grosso,423,2013-01-01
2014,NOV,Mato grosso,190,2014-01-01
2015,NOV,Mato grosso,276,2015-01-01
2016,NOV,Mato grosso,258,2016-01-01
2017,NOV,Mato grosso,133,2017-01-01
1998,DEC,Mato grosso,100,1998-01-01
1999,DEC,Mato grosso,306,1999-01-01
2000,DEC,Mato grosso,139,2000-01-01
2001,DEC,Mato grosso,143,2001-01-01
2002,DEC,Mato grosso,376,2002-01-01
2003,DEC,Mato grosso,153,2003-01-01
2004,DEC,Mato grosso,110,2004-01-01
2005,DEC,Mato grosso,46,2005-01-01
2006,DEC,Mato grosso,18,2006-01-01
2007,DEC,Mato grosso,15,2007-01-01
2008,DEC,Mato grosso,208,2008-01-01
2009,DEC,Mato grosso,87,2009-01-01
2010,DEC,Mato grosso,276,2010-01-01
2011,DEC,Mato grosso,577,2011-01-01
2012,DEC,Mato grosso,194,2012-01-01
2013,DEC,Mato grosso,195,2013-01-01
2014,DEC,Mato grosso,84,2014-01-01
2015,DEC,Mato grosso,394,2015-01-01
2016,DEC,Mato grosso,123,2016-01-01
1998,JAN,Minas gerais,0,1998-01-01
1999,JAN,Minas gerais,36,1999-01-01
2000,JAN,Minas gerais,24,2000-01-01
2001,JAN,Minas gerais,18,2001-01-01
2002,JAN,Minas gerais,29,2002-01-01
2003,JAN,Minas gerais,0,2003-01-01
2004,JAN,Minas gerais,22,2004-01-01
2005,JAN,Minas gerais,28,2005-01-01
2006,JAN,Minas gerais,109,2006-01-01
2007,JAN,Minas gerais,91,2007-01-01
2008,JAN,Minas gerais,85,2008-01-01
2009,JAN,Minas gerais,74,2009-01-01
2010,JAN,Minas gerais,118,2010-01-01
2011,JAN,Minas gerais,61,2011-01-01
2012,JAN,Minas gerais,75,2012-01-01
2013,JAN,Minas gerais,75,2013-01-01
2014,JAN,Minas gerais,133,2014-01-01
2015,JAN,Minas gerais,147,2015-01-01
2016,JAN,Minas gerais,61,2016-01-01
2017,JAN,Minas gerais,0,2017-01-01
1998,FEB,Minas gerais,0,1998-01-01
1999,FEB,Minas gerais,112,1999-01-01
2000,FEB,Minas gerais,20,2000-01-01
2001,FEB,Minas gerais,39,2001-01-01
2002,FEB,Minas gerais,62,2002-01-01
2003,FEB,Minas gerais,126,2003-01-01
2004,FEB,Minas gerais,29,2004-01-01
2005,FEB,Minas gerais,79,2005-01-01
2006,FEB,Minas gerais,96,2006-01-01
2007,FEB,Minas gerais,71,2007-01-01
2008,FEB,Minas gerais,59,2008-01-01
2009,FEB,Minas gerais,74,2009-01-01
2010,FEB,Minas gerais,155,2010-01-01
2011,FEB,Minas gerais,111,2011-01-01
2012,FEB,Minas gerais,123,2012-01-01
2013,FEB,Minas gerais,143,2013-01-01
2014,FEB,Minas gerais,157,2014-01-01
2015,FEB,Minas gerais,84,2015-01-01
2016,FEB,Minas gerais,207,2016-01-01
2017,FEB,Minas gerais,61,2017-01-01
1998,MAR,Minas gerais,0,1998-01-01
1999,MAR,Minas gerais,13,1999-01-01
2000,MAR,Minas gerais,24,2000-01-01
2001,MAR,Minas gerais,13,2001-01-01
2002,MAR,Minas gerais,62,2002-01-01
2003,MAR,Minas gerais,81,2003-01-01
2004,MAR,Minas gerais,81,2004-01-01
2005,MAR,Minas gerais,107,2005-01-01
2006,MAR,Minas gerais,69,2006-01-01
2007,MAR,Minas gerais,155,2007-01-01
2008,MAR,Minas gerais,61,2008-01-01
2009,MAR,Minas gerais,106,2009-01-01
2010,MAR,Minas gerais,109,2010-01-01
2011,MAR,Minas gerais,67,2011-01-01
2012,MAR,Minas gerais,152,2012-01-01
2013,MAR,Minas gerais,110,2013-01-01
2014,MAR,Minas gerais,77,2014-01-01
2015,MAR,Minas gerais,80,2015-01-01
2016,MAR,Minas gerais,123,2016-01-01
2017,MAR,Minas gerais,105,2017-01-01
1998,APR,Minas gerais,0,1998-01-01
1999,APR,Minas gerais,27,1999-01-01
2000,APR,Minas gerais,49,2000-01-01
2001,APR,Minas gerais,60,2001-01-01
2002,APR,Minas gerais,99,2002-01-01
2003,APR,Minas gerais,215,2003-01-01
2004,APR,Minas gerais,48,2004-01-01
2005,APR,Minas gerais,89,2005-01-01
2006,APR,Minas gerais,50,2006-01-01
2007,APR,Minas gerais,35,2007-01-01
2008,APR,Minas gerais,113,2008-01-01
2009,APR,Minas gerais,26,2009-01-01
2010,APR,Minas gerais,112,2010-01-01
2011,APR,Minas gerais,66,2011-01-01
2012,APR,Minas gerais,180,2012-01-01
2013,APR,Minas gerais,61,2013-01-01
2014,APR,Minas gerais,161,2014-01-01
2015,APR,Minas gerais,109,2015-01-01
2016,APR,Minas gerais,172,2016-01-01
2017,APR,Minas gerais,69,2017-01-01
1998,MAY,Minas gerais,0,1998-01-01
1999,MAY,Minas gerais,51,1999-01-01
2000,MAY,Minas gerais,67,2000-01-01
2001,MAY,Minas gerais,83,2001-01-01
2002,MAY,Minas gerais,98,2002-01-01
2003,MAY,Minas gerais,75,2003-01-01
2004,MAY,Minas gerais,79,2004-01-01
2005,MAY,Minas gerais,134,2005-01-01
2006,MAY,Minas gerais,62,2006-01-01
2007,MAY,Minas gerais,124,2007-01-01
2008,MAY,Minas gerais,50,2008-01-01
2009,MAY,Minas gerais,128,2009-01-01
2010,MAY,Minas gerais,179,2010-01-01
2011,MAY,Minas gerais,151,2011-01-01
2012,MAY,Minas gerais,144,2012-01-01
2013,MAY,Minas gerais,150,2013-01-01
2014,MAY,Minas gerais,224,2014-01-01
2015,MAY,Minas gerais,114,2015-01-01
2016,MAY,Minas gerais,186,2016-01-01
2017,MAY,Minas gerais,0,2017-01-01
1998,JUNE,Minas gerais,70,1998-01-01
1999,JUNE,Minas gerais,132,1999-01-01
2000,JUNE,Minas gerais,135,2000-01-01
2001,JUNE,Minas gerais,166,2001-01-01
2002,JUNE,Minas gerais,207,2002-01-01
2003,JUNE,Minas gerais,245,2003-01-01
2004,JUNE,Minas gerais,209,2004-01-01
2005,JUNE,Minas gerais,246,2005-01-01
2006,JUNE,Minas gerais,73,2006-01-01
2007,JUNE,Minas gerais,184,2007-01-01
2008,JUNE,Minas gerais,48,2008-01-01
2009,JUNE,Minas gerais,173,2009-01-01
2010,JUNE,Minas gerais,139,2010-01-01
2011,JUNE,Minas gerais,304,2011-01-01
2012,JUNE,Minas gerais,219,2012-01-01
2013,JUNE,Minas gerais,144,2013-01-01
2014,JUNE,Minas gerais,376,2014-01-01
2015,JUNE,Minas gerais,200,2015-01-01
2016,JUNE,Minas gerais,263,2016-01-01
2017,JUNE,Minas gerais,360,2017-01-01
1998,JULY,Minas gerais,232,1998-01-01
1999,JULY,Minas gerais,318,1999-01-01
2000,JULY,Minas gerais,345,2000-01-01
2001,JULY,Minas gerais,266,2001-01-01
2002,JULY,Minas gerais,741,2002-01-01
2003,JULY,Minas gerais,407,2003-01-01
2004,JULY,Minas gerais,625,2004-01-01
2005,JULY,Minas gerais,467,2005-01-01
2006,JULY,Minas gerais,336,2006-01-01
2007,JULY,Minas gerais,446,2007-01-01
2008,JULY,Minas gerais,0,2008-01-01
2009,JULY,Minas gerais,477,2009-01-01
2010,JULY,Minas gerais,707,2010-01-01
2011,JULY,Minas gerais,801,2011-01-01
2012,JULY,Minas gerais,669,2012-01-01
2013,JULY,Minas gerais,462,2013-01-01
2014,JULY,Minas gerais,559,2014-01-01
2015,JULY,Minas gerais,288,2015-01-01
2016,JULY,Minas gerais,1,2016-01-01
2017,JULY,Minas gerais,610,2017-01-01
1998,AUG,Minas gerais,875,1998-01-01
1999,AUG,Minas gerais,0,1999-01-01
2000,AUG,Minas gerais,769,2000-01-01
2001,AUG,Minas gerais,858,2001-01-01
2002,AUG,Minas gerais,2,2002-01-01
2003,AUG,Minas gerais,2,2003-01-01
2004,AUG,Minas gerais,2,2004-01-01
2005,AUG,Minas gerais,1,2005-01-01
2006,AUG,Minas gerais,959,2006-01-01
2007,AUG,Minas gerais,3,2007-01-01
2008,AUG,Minas gerais,605,2008-01-01
2009,AUG,Minas gerais,685,2009-01-01
2010,AUG,Minas gerais,3,2010-01-01
2011,AUG,Minas gerais,3,2011-01-01
2012,AUG,Minas gerais,901,2012-01-01
2013,AUG,Minas gerais,911,2013-01-01
2014,AUG,Minas gerais,2,2014-01-01
2015,AUG,Minas gerais,1,2015-01-01
2016,AUG,Minas gerais,1,2016-01-01
2017,AUG,Minas gerais,2,2017-01-01
1998,SEPT,Minas gerais,2,1998-01-01
1999,SEPT,Minas gerais,0,1999-01-01
2000,SEPT,Minas gerais,1,2000-01-01
2001,SEPT,Minas gerais,2,2001-01-01
2002,SEPT,Minas gerais,3,2002-01-01
2003,SEPT,Minas gerais,7,2003-01-01
2004,SEPT,Minas gerais,4,2004-01-01
2005,SEPT,Minas gerais,0,2005-01-01
2006,SEPT,Minas gerais,3,2006-01-01
2007,SEPT,Minas gerais,5,2007-01-01
2008,SEPT,Minas gerais,3,2008-01-01
2009,SEPT,Minas gerais,1,2009-01-01
2010,SEPT,Minas gerais,0,2010-01-01
2011,SEPT,Minas gerais,6,2011-01-01
2012,SEPT,Minas gerais,3,2012-01-01
2013,SEPT,Minas gerais,2,2013-01-01
2014,SEPT,Minas gerais,3,2014-01-01
2015,SEPT,Minas gerais,3,2015-01-01
2016,SEPT,Minas gerais,2,2016-01-01
2017,SEPT,Minas gerais,5,2017-01-01
1998,OCT,Minas gerais,1,1998-01-01
1999,OCT,Minas gerais,1,1999-01-01
2000,OCT,Minas gerais,2,2000-01-01
2001,OCT,Minas gerais,528,2001-01-01
2002,OCT,Minas gerais,5,2002-01-01
2003,OCT,Minas gerais,5,2003-01-01
2004,OCT,Minas gerais,3,2004-01-01
2005,OCT,Minas gerais,7,2005-01-01
2006,OCT,Minas gerais,616,2006-01-01
2007,OCT,Minas gerais,3,2007-01-01
2008,OCT,Minas gerais,4,2008-01-01
2009,OCT,Minas gerais,1,2009-01-01
2010,OCT,Minas gerais,2,2010-01-01
2011,OCT,Minas gerais,1,2011-01-01
2012,OCT,Minas gerais,4,2012-01-01
2013,OCT,Minas gerais,1,2013-01-01
2014,OCT,Minas gerais,5,2014-01-01
2015,OCT,Minas gerais,4,2015-01-01
2016,OCT,Minas gerais,948,2016-01-01
2017,OCT,Minas gerais,3,2017-01-01
1998,NOV,Minas gerais,32,1998-01-01
1999,NOV,Minas gerais,271,1999-01-01
2000,NOV,Minas gerais,43,2000-01-01
2001,NOV,Minas gerais,62,2001-01-01
2002,NOV,Minas gerais,417,2002-01-01
2003,NOV,Minas gerais,399,2003-01-01
2004,NOV,Minas gerais,914,2004-01-01
2005,NOV,Minas gerais,422,2005-01-01
2006,NOV,Minas gerais,59,2006-01-01
2007,NOV,Minas gerais,1,2007-01-01
2008,NOV,Minas gerais,892,2008-01-01
2009,NOV,Minas gerais,246,2009-01-01
2010,NOV,Minas gerais,82,2010-01-01
2011,NOV,Minas gerais,153,2011-01-01
2012,NOV,Minas gerais,220,2012-01-01
2013,NOV,Minas gerais,277,2013-01-01
2014,NOV,Minas gerais,398,2014-01-01
2015,NOV,Minas gerais,1,2015-01-01
2016,NOV,Minas gerais,126,2016-01-01
2017,NOV,Minas gerais,136,2017-01-01
1998,DEC,Minas gerais,21,1998-01-01
1999,DEC,Minas gerais,32,1999-01-01
2000,DEC,Minas gerais,14,2000-01-01
2001,DEC,Minas gerais,44,2001-01-01
2002,DEC,Minas gerais,225,2002-01-01
2003,DEC,Minas gerais,225,2003-01-01
2004,DEC,Minas gerais,125,2004-01-01
2005,DEC,Minas gerais,65,2005-01-01
2006,DEC,Minas gerais,32,2006-01-01
2007,DEC,Minas gerais,95,2007-01-01
2008,DEC,Minas gerais,25,2008-01-01
2009,DEC,Minas gerais,108,2009-01-01
2010,DEC,Minas gerais,105,2010-01-01
2011,DEC,Minas gerais,43,2011-01-01
2012,DEC,Minas gerais,189,2012-01-01
2013,DEC,Minas gerais,98,2013-01-01
2014,DEC,Minas gerais,155,2014-01-01
2015,DEC,Minas gerais,295,2015-01-01
2016,DEC,Minas gerais,91,2016-01-01
1998,JAN,Pará,0,1998-01-01
1999,JAN,Pará,87,1999-01-01
2000,JAN,Pará,30,2000-01-01
2001,JAN,Pará,34,2001-01-01
2002,JAN,Pará,144,2002-01-01
2003,JAN,Pará,0,2003-01-01
2004,JAN,Pará,579,2004-01-01
2005,JAN,Pará,2,2005-01-01
2006,JAN,Pará,403,2006-01-01
2007,JAN,Pará,467,2007-01-01
2008,JAN,Pará,131,2008-01-01
2009,JAN,Pará,241,2009-01-01
2010,JAN,Pará,437,2010-01-01
2011,JAN,Pará,108,2011-01-01
2012,JAN,Pará,392,2012-01-01
2013,JAN,Pará,167,2013-01-01
2014,JAN,Pará,251,2014-01-01
2015,JAN,Pará,725,2015-01-01
2016,JAN,Pará,1,2016-01-01
2017,JAN,Pará,219,2017-01-01
1998,FEB,Pará,0,1998-01-01
1999,FEB,Pará,285,1999-01-01
2000,FEB,Pará,29,2000-01-01
2001,FEB,Pará,16,2001-01-01
2002,FEB,Pará,120,2002-01-01
2003,FEB,Pará,34,2003-01-01
2004,FEB,Pará,20,2004-01-01
2005,FEB,Pará,85,2005-01-01
2006,FEB,Pará,49,2006-01-01
2007,FEB,Pará,23,2007-01-01
2008,FEB,Pará,54,2008-01-01
2009,FEB,Pará,15,2009-01-01
2010,FEB,Pará,102,2010-01-01
2011,FEB,Pará,13,2011-01-01
2012,FEB,Pará,63,2012-01-01
2013,FEB,Pará,30,2013-01-01
2014,FEB,Pará,37,2014-01-01
2015,FEB,Pará,108,2015-01-01
2016,FEB,Pará,430,2016-01-01
2017,FEB,Pará,14,2017-01-01
1998,MAR,Pará,0,1998-01-01
1999,MAR,Pará,7,1999-01-01
2000,MAR,Pará,181,2000-01-01
2001,MAR,Pará,0,2001-01-01
2002,MAR,Pará,14,2002-01-01
2003,MAR,Pará,27,2003-01-01
2004,MAR,Pará,22,2004-01-01
2005,MAR,Pará,21,2005-01-01
2006,MAR,Pará,10,2006-01-01
2007,MAR,Pará,6,2007-01-01
2008,MAR,Pará,4,2008-01-01
2009,MAR,Pará,4,2009-01-01
2010,MAR,Pará,110,2010-01-01
2011,MAR,Pará,0,2011-01-01
2012,MAR,Pará,30,2012-01-01
2013,MAR,Pará,19,2013-01-01
2014,MAR,Pará,34,2014-01-01
2015,MAR,Pará,61,2015-01-01
2016,MAR,Pará,81,2016-01-01
2017,MAR,Pará,42,2017-01-01
1998,APR,Pará,0,1998-01-01
1999,APR,Pará,6,1999-01-01
2000,APR,Pará,40,2000-01-01
2001,APR,Pará,0,2001-01-01
2002,APR,Pará,11,2002-01-01
2003,APR,Pará,14,2003-01-01
2004,APR,Pará,23,2004-01-01
2005,APR,Pará,14,2005-01-01
2006,APR,Pará,2,2006-01-01
2007,APR,Pará,0,2007-01-01
2008,APR,Pará,7,2008-01-01
2009,APR,Pará,8,2009-01-01
2010,APR,Pará,22,2010-01-01
2011,APR,Pará,10,2011-01-01
2012,APR,Pará,11,2012-01-01
2013,APR,Pará,20,2013-01-01
2014,APR,Pará,27,2014-01-01
2015,APR,Pará,27,2015-01-01
2016,APR,Pará,66,2016-01-01
2017,APR,Pará,45,2017-01-01
1998,MAY,Pará,0,1998-01-01
1999,MAY,Pará,4,1999-01-01
2000,MAY,Pará,12,2000-01-01
2001,MAY,Pará,7,2001-01-01
2002,MAY,Pará,18,2002-01-01
2003,MAY,Pará,3,2003-01-01
2004,MAY,Pará,44,2004-01-01
2005,MAY,Pará,37,2005-01-01
2006,MAY,Pará,0,2006-01-01
2007,MAY,Pará,0,2007-01-01
2008,MAY,Pará,0,2008-01-01
2009,MAY,Pará,7,2009-01-01
2010,MAY,Pará,57,2010-01-01
2011,MAY,Pará,16,2011-01-01
2012,MAY,Pará,59,2012-01-01
2013,MAY,Pará,42,2013-01-01
2014,MAY,Pará,70,2014-01-01
2015,MAY,Pará,95,2015-01-01
2016,MAY,Pará,154,2016-01-01
2017,MAY,Pará,114,2017-01-01
1998,JUNE,Pará,58,1998-01-01
1999,JUNE,Pará,37,1999-01-01
2000,JUNE,Pará,59,2000-01-01
2001,JUNE,Pará,42,2001-01-01
2002,JUNE,Pará,149,2002-01-01
2003,JUNE,Pará,64,2003-01-01
2004,JUNE,Pará,340,2004-01-01
2005,JUNE,Pará,304,2005-01-01
2006,JUNE,Pará,78,2006-01-01
2007,JUNE,Pará,129,2007-01-01
2008,JUNE,Pará,48,2008-01-01
2009,JUNE,Pará,38,2009-01-01
2010,JUNE,Pará,94,2010-01-01
2011,JUNE,Pará,105,2011-01-01
2012,JUNE,Pará,183,2012-01-01
2013,JUNE,Pará,173,2013-01-01
2014,JUNE,Pará,319,2014-01-01
2015,JUNE,Pará,265,2015-01-01
2016,JUNE,Pará,502,2016-01-01
2017,JUNE,Pará,679,2017-01-01
1998,JULY,Pará,638,1998-01-01
1999,JULY,Pará,0,1999-01-01
2000,JULY,Pará,426,2000-01-01
2001,JULY,Pará,708,2001-01-01
2002,JULY,Pará,772,2002-01-01
2003,JULY,Pará,2,2003-01-01
2004,JULY,Pará,4,2004-01-01
2005,JULY,Pará,4,2005-01-01
2006,JULY,Pará,615,2006-01-01
2007,JULY,Pará,0,2007-01-01
2008,JULY,Pará,971,2008-01-01
2009,JULY,Pará,397,2009-01-01
2010,JULY,Pará,1,2010-01-01
2011,JULY,Pará,632,2011-01-01
2012,JULY,Pará,661,2012-01-01
2013,JULY,Pará,447,2013-01-01
2014,JULY,Pará,825,2014-01-01
2015,JULY,Pará,906,2015-01-01
2016,JULY,Pará,2,2016-01-01
2017,JULY,Pará,5,2017-01-01
1998,AUG,Pará,7,1998-01-01
1999,AUG,Pará,6,1999-01-01
2000,AUG,Pará,5,2000-01-01
2001,AUG,Pará,9,2001-01-01
2002,AUG,Pará,16,2002-01-01
2003,AUG,Pará,6,2003-01-01
2004,AUG,Pará,13,2004-01-01
2005,AUG,Pará,13,2005-01-01
2006,AUG,Pará,8,2006-01-01
2007,AUG,Pará,14,2007-01-01
2008,AUG,Pará,4,2008-01-01
2009,AUG,Pará,4,2009-01-01
2010,AUG,Pará,18,2010-01-01
2011,AUG,Pará,2,2011-01-01
2012,AUG,Pará,7,2012-01-01
2013,AUG,Pará,2,2013-01-01
2014,AUG,Pará,9,2014-01-01
2015,AUG,Pará,8,2015-01-01
2016,AUG,Pará,5,2016-01-01
2017,AUG,Pará,12,2017-01-01
1998,SEPT,Pará,6,1998-01-01
1999,SEPT,Pará,4,1999-01-01
2000,SEPT,Pará,3,2000-01-01
2001,SEPT,Pará,6,2001-01-01
2002,SEPT,Pará,6,2002-01-01
2003,SEPT,Pará,8,2003-01-01
2004,SEPT,Pará,9,2004-01-01
2005,SEPT,Pará,9,2005-01-01
2006,SEPT,Pará,8,2006-01-01
2007,SEPT,Pará,15,2007-01-01
2008,SEPT,Pará,6,2008-01-01
2009,SEPT,Pará,6,2009-01-01
2010,SEPT,Pará,11,2010-01-01
2011,SEPT,Pará,5,2011-01-01
2012,SEPT,Pará,7,2012-01-01
2013,SEPT,Pará,3,2013-01-01
2014,SEPT,Pará,7,2014-01-01
2015,SEPT,Pará,11,2015-01-01
2016,SEPT,Pará,4,2016-01-01
2017,SEPT,Pará,25,2017-01-01
1998,OCT,Pará,4,1998-01-01
1999,OCT,Pará,5,1999-01-01
2000,OCT,Pará,4,2000-01-01
2001,OCT,Pará,5,2001-01-01
2002,OCT,Pará,5,2002-01-01
2003,OCT,Pará,4,2003-01-01
2004,OCT,Pará,5,2004-01-01
2005,OCT,Pará,5,2005-01-01
2006,OCT,Pará,6,2006-01-01
2007,OCT,Pará,3,2007-01-01
2008,OCT,Pará,7,2008-01-01
2009,OCT,Pará,6,2009-01-01
2010,OCT,Pará,4,2010-01-01
2011,OCT,Pará,3,2011-01-01
2012,OCT,Pará,4,2012-01-01
2013,OCT,Pará,5,2013-01-01
2014,OCT,Pará,6,2014-01-01
2015,OCT,Pará,8,2015-01-01
2016,OCT,Pará,5,2016-01-01
2017,OCT,Pará,8,2017-01-01
1998,NOV,Pará,2,1998-01-01
1999,NOV,Pará,3,1999-01-01
2000,NOV,Pará,3,2000-01-01
2001,NOV,Pará,5,2001-01-01
2002,NOV,Pará,8,2002-01-01
2003,NOV,Pará,6,2003-01-01
2004,NOV,Pará,10,2004-01-01
2005,NOV,Pará,5,2005-01-01
2006,NOV,Pará,3,2006-01-01
2007,NOV,Pará,3,2007-01-01
2008,NOV,Pará,2,2008-01-01
2009,NOV,Pará,10,2009-01-01
2010,NOV,Pará,4,2010-01-01
2011,NOV,Pará,3,2011-01-01
2012,NOV,Pará,6,2012-01-01
2013,NOV,Pará,4,2013-01-01
2014,NOV,Pará,8,2014-01-01
2015,NOV,Pará,10,2015-01-01
2016,NOV,Pará,8,2016-01-01
2017,NOV,Pará,9,2017-01-01
1998,DEC,Pará,1,1998-01-01
1999,DEC,Pará,766,1999-01-01
2000,DEC,Pará,2,2000-01-01
2001,DEC,Pará,3,2001-01-01
2002,DEC,Pará,3,2002-01-01
2003,DEC,Pará,5,2003-01-01
2004,DEC,Pará,6,2004-01-01
2005,DEC,Pará,1,2005-01-01
2006,DEC,Pará,1,2006-01-01
2007,DEC,Pará,689,2007-01-01
2008,DEC,Pará,684,2008-01-01
2009,DEC,Pará,3,2009-01-01
2010,DEC,Pará,2,2010-01-01
2011,DEC,Pará,3,2011-01-01
2012,DEC,Pará,2,2012-01-01
2013,DEC,Pará,6,2013-01-01
2014,DEC,Pará,5,2014-01-01
2015,DEC,Pará,7,2015-01-01
2016,DEC,Pará,3,2016-01-01
1998,JAN,Paraiba,0,1998-01-01
1999,JAN,Paraiba,26,1999-01-01
2000,JAN,Paraiba,0,2000-01-01
2001,JAN,Paraiba,11,2001-01-01
2002,JAN,Paraiba,5,2002-01-01
2003,JAN,Paraiba,70,2003-01-01
2004,JAN,Paraiba,33,2004-01-01
2005,JAN,Paraiba,178,2005-01-01
2006,JAN,Paraiba,83,2006-01-01
2007,JAN,Paraiba,69,2007-01-01
2008,JAN,Paraiba,77,2008-01-01
2009,JAN,Paraiba,115,2009-01-01
2010,JAN,Paraiba,46,2010-01-01
2011,JAN,Paraiba,11,2011-01-01
2012,JAN,Paraiba,61,2012-01-01
2013,JAN,Paraiba,38,2013-01-01
2014,JAN,Paraiba,75,2014-01-01
2015,JAN,Paraiba,42,2015-01-01
2016,JAN,Paraiba,18,2016-01-01
2017,JAN,Paraiba,23,2017-01-01
1998,FEB,Paraiba,0,1998-01-01
1999,FEB,Paraiba,2,1999-01-01
2000,FEB,Paraiba,11,2000-01-01
2001,FEB,Paraiba,6,2001-01-01
2002,FEB,Paraiba,18,2002-01-01
2003,FEB,Paraiba,3,2003-01-01
2004,FEB,Paraiba,3,2004-01-01
2005,FEB,Paraiba,15,2005-01-01
2006,FEB,Paraiba,7,2006-01-01
2007,FEB,Paraiba,7,2007-01-01
2008,FEB,Paraiba,20,2008-01-01
2009,FEB,Paraiba,9,2009-01-01
2010,FEB,Paraiba,15,2010-01-01
2011,FEB,Paraiba,5,2011-01-01
2012,FEB,Paraiba,15,2012-01-01
2013,FEB,Paraiba,9,2013-01-01
2014,FEB,Paraiba,6,2014-01-01
2015,FEB,Paraiba,15,2015-01-01
2016,FEB,Paraiba,4,2016-01-01
2017,FEB,Paraiba,8,2017-01-01
1998,MAR,Paraiba,0,1998-01-01
1999,MAR,Paraiba,1,1999-01-01
2000,MAR,Paraiba,0,2000-01-01
2001,MAR,Paraiba,0,2001-01-01
2002,MAR,Paraiba,3,2002-01-01
2003,MAR,Paraiba,0,2003-01-01
2004,MAR,Paraiba,3,2004-01-01
2005,MAR,Paraiba,13,2005-01-01
2006,MAR,Paraiba,4,2006-01-01
2007,MAR,Paraiba,1,2007-01-01
2008,MAR,Paraiba,8,2008-01-01
2009,MAR,Paraiba,2,2009-01-01
2010,MAR,Paraiba,16,2010-01-01
2011,MAR,Paraiba,6,2011-01-01
2012,MAR,Paraiba,4,2012-01-01
2013,MAR,Paraiba,3,2013-01-01
2014,MAR,Paraiba,18,2014-01-01
2015,MAR,Paraiba,7,2015-01-01
2016,MAR,Paraiba,1,2016-01-01
2017,MAR,Paraiba,2,2017-01-01
1998,APR,Paraiba,0,1998-01-01
1999,APR,Paraiba,0,1999-01-01
2000,APR,Paraiba,1,2000-01-01
2001,APR,Paraiba,0,2001-01-01
2002,APR,Paraiba,1,2002-01-01
2003,APR,Paraiba,0,2003-01-01
2004,APR,Paraiba,3,2004-01-01
2005,APR,Paraiba,2,2005-01-01
2006,APR,Paraiba,0,2006-01-01
2007,APR,Paraiba,0,2007-01-01
2008,APR,Paraiba,0,2008-01-01
2009,APR,Paraiba,1,2009-01-01
2010,APR,Paraiba,2,2010-01-01
2011,APR,Paraiba,2,2011-01-01
2012,APR,Paraiba,13,2012-01-01
2013,APR,Paraiba,6,2013-01-01
2014,APR,Paraiba,8,2014-01-01
2015,APR,Paraiba,11,2015-01-01
2016,APR,Paraiba,1,2016-01-01
2017,APR,Paraiba,1,2017-01-01
1998,MAY,Paraiba,0,1998-01-01
1999,MAY,Paraiba,0,1999-01-01
2000,MAY,Paraiba,0,2000-01-01
2001,MAY,Paraiba,4,2001-01-01
2002,MAY,Paraiba,1,2002-01-01
2003,MAY,Paraiba,0,2003-01-01
2004,MAY,Paraiba,1,2004-01-01
2005,MAY,Paraiba,0,2005-01-01
2006,MAY,Paraiba,0,2006-01-01
2007,MAY,Paraiba,0,2007-01-01
2008,MAY,Paraiba,0,2008-01-01
2009,MAY,Paraiba,0,2009-01-01
2010,MAY,Paraiba,10,2010-01-01
2011,MAY,Paraiba,0,2011-01-01
2012,MAY,Paraiba,10,2012-01-01
2013,MAY,Paraiba,3,2013-01-01
2014,MAY,Paraiba,1,2014-01-01
2015,MAY,Paraiba,6,2015-01-01
2016,MAY,Paraiba,1,2016-01-01
2017,MAY,Paraiba,1,2017-01-01
1998,JUNE,Paraiba,3,1998-01-01
1999,JUNE,Paraiba,1,1999-01-01
2000,JUNE,Paraiba,2,2000-01-01
2001,JUNE,Paraiba,0,2001-01-01
2002,JUNE,Paraiba,1,2002-01-01
2003,JUNE,Paraiba,0,2003-01-01
2004,JUNE,Paraiba,0,2004-01-01
2005,JUNE,Paraiba,0,2005-01-01
2006,JUNE,Paraiba,0,2006-01-01
2007,JUNE,Paraiba,0,2007-01-01
2008,JUNE,Paraiba,0,2008-01-01
2009,JUNE,Paraiba,0,2009-01-01
2010,JUNE,Paraiba,3,2010-01-01
2011,JUNE,Paraiba,2,2011-01-01
2012,JUNE,Paraiba,5,2012-01-01
2013,JUNE,Paraiba,3,2013-01-01
2014,JUNE,Paraiba,1,2014-01-01
2015,JUNE,Paraiba,0,2015-01-01
2016,JUNE,Paraiba,4,2016-01-01
2017,JUNE,Paraiba,0,2017-01-01
1998,JULY,Paraiba,0,1998-01-01
1999,JULY,Paraiba,1,1999-01-01
2000,JULY,Paraiba,0,2000-01-01
2001,JULY,Paraiba,8,2001-01-01
2002,JULY,Paraiba,8,2002-01-01
2003,JULY,Paraiba,6,2003-01-01
2004,JULY,Paraiba,1,2004-01-01
2005,JULY,Paraiba,0,2005-01-01
2006,JULY,Paraiba,1,2006-01-01
2007,JULY,Paraiba,1,2007-01-01
2008,JULY,Paraiba,0,2008-01-01
2009,JULY,Paraiba,3,2009-01-01
2010,JULY,Paraiba,7,2010-01-01
2011,JULY,Paraiba,6,2011-01-01
2012,JULY,Paraiba,5,2012-01-01
2013,JULY,Paraiba,1,2013-01-01
2014,JULY,Paraiba,9,2014-01-01
2015,JULY,Paraiba,3,2015-01-01
2016,JULY,Paraiba,22,2016-01-01
2017,JULY,Paraiba,2,2017-01-01
1998,AUG,Paraiba,3,1998-01-01
1999,AUG,Paraiba,4,1999-01-01
2000,AUG,Paraiba,7,2000-01-01
2001,AUG,Paraiba,34,2001-01-01
2002,AUG,Paraiba,38,2002-01-01
2003,AUG,Paraiba,14,2003-01-01
2004,AUG,Paraiba,18,2004-01-01
2005,AUG,Paraiba,0,2005-01-01
2006,AUG,Paraiba,3,2006-01-01
2007,AUG,Paraiba,8,2007-01-01
2008,AUG,Paraiba,1,2008-01-01
2009,AUG,Paraiba,4,2009-01-01
2010,AUG,Paraiba,9,2010-01-01
2011,AUG,Paraiba,12,2011-01-01
2012,AUG,Paraiba,13,2012-01-01
2013,AUG,Paraiba,3,2013-01-01
2014,AUG,Paraiba,30,2014-01-01
2015,AUG,Paraiba,5,2015-01-01
2016,AUG,Paraiba,50,2016-01-01
2017,AUG,Paraiba,3,2017-01-01
1998,SEPT,Paraiba,50,1998-01-01
1999,SEPT,Paraiba,14,1999-01-01
2000,SEPT,Paraiba,9,2000-01-01
2001,SEPT,Paraiba,98,2001-01-01
2002,SEPT,Paraiba,63,2002-01-01
2003,SEPT,Paraiba,81,2003-01-01
2004,SEPT,Paraiba,34,2004-01-01
2005,SEPT,Paraiba,13,2005-01-01
2006,SEPT,Paraiba,27,2006-01-01
2007,SEPT,Paraiba,22,2007-01-01
2008,SEPT,Paraiba,21,2008-01-01
2009,SEPT,Paraiba,28,2009-01-01
2010,SEPT,Paraiba,37,2010-01-01
2011,SEPT,Paraiba,55,2011-01-01
2012,SEPT,Paraiba,71,2012-01-01
2013,SEPT,Paraiba,25,2013-01-01
2014,SEPT,Paraiba,51,2014-01-01
2015,SEPT,Paraiba,48,2015-01-01
2016,SEPT,Paraiba,131,2016-01-01
2017,SEPT,Paraiba,30,2017-01-01
1998,OCT,Paraiba,179,1998-01-01
1999,OCT,Paraiba,48,1999-01-01
2000,OCT,Paraiba,125,2000-01-01
2001,OCT,Paraiba,279,2001-01-01
2002,OCT,Paraiba,193,2002-01-01
2003,OCT,Paraiba,381,2003-01-01
2004,OCT,Paraiba,190,2004-01-01
2005,OCT,Paraiba,155,2005-01-01
2006,OCT,Paraiba,0,2006-01-01
2007,OCT,Paraiba,111,2007-01-01
2008,OCT,Paraiba,80,2008-01-01
2009,OCT,Paraiba,117,2009-01-01
2010,OCT,Paraiba,150,2010-01-01
2011,OCT,Paraiba,200,2011-01-01
2012,OCT,Paraiba,136,2012-01-01
2013,OCT,Paraiba,58,2013-01-01
2014,OCT,Paraiba,70,2014-01-01
2015,OCT,Paraiba,121,2015-01-01
2016,OCT,Paraiba,304,2016-01-01
2017,OCT,Paraiba,123,2017-01-01
1998,NOV,Paraiba,46,1998-01-01
1999,NOV,Paraiba,38,1999-01-01
2000,NOV,Paraiba,65,2000-01-01
2001,NOV,Paraiba,294,2001-01-01
2002,NOV,Paraiba,238,2002-01-01
2003,NOV,Paraiba,538,2003-01-01
2004,NOV,Paraiba,331,2004-01-01
2005,NOV,Paraiba,280,2005-01-01
2006,NOV,Paraiba,215,2006-01-01
2007,NOV,Paraiba,256,2007-01-01
2008,NOV,Paraiba,175,2008-01-01
2009,NOV,Paraiba,428,2009-01-01
2010,NOV,Paraiba,451,2010-01-01
2011,NOV,Paraiba,359,2011-01-01
2012,NOV,Paraiba,130,2012-01-01
2013,NOV,Paraiba,95,2013-01-01
2014,NOV,Paraiba,111,2014-01-01
2015,NOV,Paraiba,206,2015-01-01
2016,NOV,Paraiba,132,2016-01-01
2017,NOV,Paraiba,101,2017-01-01
1998,DEC,Paraiba,51,1998-01-01
1999,DEC,Paraiba,40,1999-01-01
2000,DEC,Paraiba,34,2000-01-01
2001,DEC,Paraiba,70,2001-01-01
2002,DEC,Paraiba,163,2002-01-01
2003,DEC,Paraiba,288,2003-01-01
2004,DEC,Paraiba,351,2004-01-01
2005,DEC,Paraiba,159,2005-01-01
2006,DEC,Paraiba,196,2006-01-01
2007,DEC,Paraiba,0,2007-01-01
2008,DEC,Paraiba,187,2008-01-01
2009,DEC,Paraiba,270,2009-01-01
2010,DEC,Paraiba,65,2010-01-01
2011,DEC,Paraiba,179,2011-01-01
2012,DEC,Paraiba,62,2012-01-01
2013,DEC,Paraiba,78,2013-01-01
2014,DEC,Paraiba,62,2014-01-01
2015,DEC,Paraiba,122,2015-01-01
2016,DEC,Paraiba,8,2016-01-01
1999,JAN,Paraiba,7,1999-01-01
2000,JAN,Paraiba,49,2000-01-01
2001,JAN,Paraiba,32,2001-01-01
2002,JAN,Paraiba,47,2002-01-01
2003,JAN,Paraiba,109,2003-01-01
2004,JAN,Paraiba,88,2004-01-01
2005,JAN,Paraiba,55,2005-01-01
2006,JAN,Paraiba,78,2006-01-01
2007,JAN,Paraiba,11,2007-01-01
2008,JAN,Paraiba,35,2008-01-01
2009,JAN,Paraiba,35,2009-01-01
2010,JAN,Paraiba,18,2010-01-01
2011,JAN,Paraiba,0,2011-01-01
2012,JAN,Paraiba,31,2012-01-01
2013,JAN,Paraiba,28,2013-01-01
2014,JAN,Paraiba,86,2014-01-01
2015,JAN,Paraiba,120,2015-01-01
2016,JAN,Paraiba,113,2016-01-01
2017,JAN,Paraiba,55,2017-01-01
1998,FEB,Paraiba,0,1998-01-01
1999,FEB,Paraiba,22,1999-01-01
2000,FEB,Paraiba,67,2000-01-01
2001,FEB,Paraiba,8,2001-01-01
2002,FEB,Paraiba,24,2002-01-01
2003,FEB,Paraiba,46,2003-01-01
2004,FEB,Paraiba,42,2004-01-01
2005,FEB,Paraiba,77,2005-01-01
2006,FEB,Paraiba,60,2006-01-01
2007,FEB,Paraiba,32,2007-01-01
2008,FEB,Paraiba,38,2008-01-01
2009,FEB,Paraiba,21,2009-01-01
2010,FEB,Paraiba,46,2010-01-01
2011,FEB,Paraiba,8,2011-01-01
2012,FEB,Paraiba,40,2012-01-01
2014,FEB,Paraiba,52,2014-01-01
2015,FEB,Paraiba,58,2015-01-01
2016,FEB,Paraiba,31,2016-01-01
2017,FEB,Paraiba,60,2017-01-01
1999,MAR,Paraiba,40,1999-01-01
2000,MAR,Paraiba,52,2000-01-01
2001,MAR,Paraiba,12,2001-01-01
2002,MAR,Paraiba,18,2002-01-01
2003,MAR,Paraiba,76,2003-01-01
2004,MAR,Paraiba,83,2004-01-01
2005,MAR,Paraiba,84,2005-01-01
2006,MAR,Paraiba,56,2006-01-01
2007,MAR,Paraiba,54,2007-01-01
2008,MAR,Paraiba,43,2008-01-01
2009,MAR,Paraiba,57,2009-01-01
2010,MAR,Paraiba,22,2010-01-01
2011,MAR,Paraiba,21,2011-01-01
2012,MAR,Paraiba,55,2012-01-01
2013,MAR,Paraiba,18,2013-01-01
2014,MAR,Paraiba,42,2014-01-01
2015,MAR,Paraiba,55,2015-01-01
2016,MAR,Paraiba,63,2016-01-01
2017,MAR,Paraiba,43,2017-01-01
1999,APR,Paraiba,39,1999-01-01
2000,APR,Paraiba,51,2000-01-01
2001,APR,Paraiba,43,2001-01-01
2002,APR,Paraiba,84,2002-01-01
2003,APR,Paraiba,130,2003-01-01
2004,APR,Paraiba,68,2004-01-01
2005,APR,Paraiba,22,2005-01-01
2006,APR,Paraiba,49,2006-01-01
2007,APR,Paraiba,14,2007-01-01
2008,APR,Paraiba,62,2008-01-01
2009,APR,Paraiba,80,2009-01-01
2010,APR,Paraiba,71,2010-01-01
2011,APR,Paraiba,38,2011-01-01
2012,APR,Paraiba,38,2012-01-01
2013,APR,Paraiba,72,2013-01-01
2014,APR,Paraiba,38,2014-01-01
2015,APR,Paraiba,83,2015-01-01
2016,APR,Paraiba,167,2016-01-01
2017,APR,Paraiba,77,2017-01-01
1999,MAY,Paraiba,57,1999-01-01
2000,MAY,Paraiba,43,2000-01-01
2001,MAY,Paraiba,26,2001-01-01
2002,MAY,Paraiba,65,2002-01-01
2003,MAY,Paraiba,115,2003-01-01
2004,MAY,Paraiba,9,2004-01-01
2005,MAY,Paraiba,125,2005-01-01
2006,MAY,Paraiba,90,2006-01-01
2007,MAY,Paraiba,14,2007-01-01
2008,MAY,Paraiba,41,2008-01-01
2009,MAY,Paraiba,117,2009-01-01
2010,MAY,Paraiba,39,2010-01-01
2011,MAY,Paraiba,97,2011-01-01
2012,MAY,Paraiba,86,2012-01-01
2013,MAY,Paraiba,85,2013-01-01
2014,MAY,Paraiba,109,2014-01-01
2015,MAY,Paraiba,77,2015-01-01
2016,MAY,Paraiba,72,2016-01-01
2017,MAY,Paraiba,49,2017-01-01
1998,JUNE,Paraiba,36,1998-01-01
1999,JUNE,Paraiba,31,1999-01-01
2000,JUNE,Paraiba,53,2000-01-01
2001,JUNE,Paraiba,43,2001-01-01
2002,JUNE,Paraiba,115,2002-01-01
2003,JUNE,Paraiba,159,2003-01-01
2004,JUNE,Paraiba,147,2004-01-01
2005,JUNE,Paraiba,114,2005-01-01
2006,JUNE,Paraiba,62,2006-01-01
2007,JUNE,Paraiba,57,2007-01-01
2008,JUNE,Paraiba,17,2008-01-01
2009,JUNE,Paraiba,105,2009-01-01
2010,JUNE,Paraiba,55,2010-01-01
2011,JUNE,Paraiba,162,2011-01-01
2012,JUNE,Paraiba,77,2012-01-01
2013,JUNE,Paraiba,52,2013-01-01
2014,JUNE,Paraiba,112,2014-01-01
2015,JUNE,Paraiba,201,2015-01-01
2016,JUNE,Paraiba,238,2016-01-01
2017,JUNE,Paraiba,169,2017-01-01
1998,JULY,Paraiba,59,1998-01-01
1999,JULY,Paraiba,94,1999-01-01
2000,JULY,Paraiba,98,2000-01-01
2001,JULY,Paraiba,122,2001-01-01
2002,JULY,Paraiba,172,2002-01-01
2003,JULY,Paraiba,101,2003-01-01
2004,JULY,Paraiba,148,2004-01-01
2005,JULY,Paraiba,155,2005-01-01
2006,JULY,Paraiba,139,2006-01-01
2007,JULY,Paraiba,60,2007-01-01
2008,JULY,Paraiba,87,2008-01-01
2009,JULY,Paraiba,34,2009-01-01
2010,JULY,Paraiba,0,2010-01-01
2011,JULY,Paraiba,262,2011-01-01
2012,JULY,Paraiba,111,2012-01-01
2013,JULY,Paraiba,168,2013-01-01
2014,JULY,Paraiba,215,2014-01-01
2015,JULY,Paraiba,137,2015-01-01
2016,JULY,Paraiba,504,2016-01-01
2017,JULY,Paraiba,891,2017-01-01
1998,AUG,Paraiba,42,1998-01-01
1999,AUG,Paraiba,938,1999-01-01
2000,AUG,Paraiba,849,2000-01-01
2001,AUG,Paraiba,342,2001-01-01
2002,AUG,Paraiba,2,2002-01-01
2003,AUG,Paraiba,2,2003-01-01
2004,AUG,Paraiba,1,2004-01-01
2005,AUG,Paraiba,800,2005-01-01
2006,AUG,Paraiba,844,2006-01-01
2007,AUG,Paraiba,580,2007-01-01
2008,AUG,Paraiba,0,2008-01-01
2009,AUG,Paraiba,844,2009-01-01
2010,AUG,Paraiba,733,2010-01-01
2011,AUG,Paraiba,435,2011-01-01
2012,AUG,Paraiba,522,2012-01-01
2013,AUG,Paraiba,481,2013-01-01
2014,AUG,Paraiba,646,2014-01-01
2015,AUG,Paraiba,651,2015-01-01
2016,AUG,Paraiba,1,2016-01-01
2017,AUG,Paraiba,987,2017-01-01
1998,SEPT,Paraiba,61,1998-01-01
1999,SEPT,Paraiba,878,1999-01-01
2000,SEPT,Paraiba,381,2000-01-01
2001,SEPT,Paraiba,258,2001-01-01
2002,SEPT,Paraiba,1,2002-01-01
2003,SEPT,Paraiba,2,2003-01-01
2004,SEPT,Paraiba,1,2004-01-01
2005,SEPT,Paraiba,386,2005-01-01
2006,SEPT,Paraiba,866,2006-01-01
2007,SEPT,Paraiba,960,2007-01-01
2008,SEPT,Paraiba,413,2008-01-01
2009,SEPT,Paraiba,149,2009-01-01
2010,SEPT,Paraiba,270,2010-01-01
2011,SEPT,Paraiba,913,2011-01-01
2012,SEPT,Paraiba,459,2012-01-01
2013,SEPT,Paraiba,476,2013-01-01
2014,SEPT,Paraiba,443,2014-01-01
2015,SEPT,Paraiba,599,2015-01-01
2016,SEPT,Paraiba,1,2016-01-01
2017,SEPT,Paraiba,2,2017-01-01
1998,OCT,Paraiba,61,1998-01-01
1999,OCT,Paraiba,452,1999-01-01
2000,OCT,Paraiba,658,2000-01-01
2001,OCT,Paraiba,209,2001-01-01
2002,OCT,Paraiba,399,2002-01-01
2003,OCT,Paraiba,1,2003-01-01
2004,OCT,Paraiba,666,2004-01-01
2005,OCT,Paraiba,157,2005-01-01
2006,OCT,Paraiba,327,2006-01-01
2007,OCT,Paraiba,194,2007-01-01
2008,OCT,Paraiba,78,2008-01-01
2009,OCT,Paraiba,424,2009-01-01
2010,OCT,Paraiba,230,2010-01-01
2011,OCT,Paraiba,256,2011-01-01
2012,OCT,Paraiba,145,2012-01-01
2013,OCT,Paraiba,233,2013-01-01
2014,OCT,Paraiba,411,2014-01-01
2015,OCT,Paraiba,158,2015-01-01
2016,OCT,Paraiba,193,2016-01-01
2017,OCT,Paraiba,134,2017-01-01
1998,NOV,Paraiba,143,1998-01-01
1999,NOV,Paraiba,447,1999-01-01
2000,NOV,Paraiba,85,2000-01-01
2001,NOV,Paraiba,89,2001-01-01
2002,NOV,Paraiba,425,2002-01-01
2003,NOV,Paraiba,503,2003-01-01
2004,NOV,Paraiba,388,2004-01-01
2005,NOV,Paraiba,597,2005-01-01
2006,NOV,Paraiba,60,2006-01-01
2007,NOV,Paraiba,59,2007-01-01
2008,NOV,Paraiba,39,2008-01-01
2009,NOV,Paraiba,90,2009-01-01
2010,NOV,Paraiba,183,2010-01-01
2011,NOV,Paraiba,138,2011-01-01
2012,NOV,Paraiba,142,2012-01-01
2013,NOV,Paraiba,126,2013-01-01
2014,NOV,Paraiba,68,2014-01-01
2015,NOV,Paraiba,18,2015-01-01
2016,NOV,Paraiba,275,2016-01-01
2017,NOV,Paraiba,292,2017-01-01
1998,DEC,Paraiba,82,1998-01-01
1999,DEC,Paraiba,254,1999-01-01
2000,DEC,Paraiba,159,2000-01-01
2001,DEC,Paraiba,85,2001-01-01
2002,DEC,Paraiba,165,2002-01-01
2003,DEC,Paraiba,171,2003-01-01
2004,DEC,Paraiba,151,2004-01-01
2005,DEC,Paraiba,40,2005-01-01
2006,DEC,Paraiba,6,2006-01-01
2007,DEC,Paraiba,22,2007-01-01
2008,DEC,Paraiba,62,2008-01-01
2009,DEC,Paraiba,30,2009-01-01
2010,DEC,Paraiba,37,2010-01-01
2011,DEC,Paraiba,78,2011-01-01
2012,DEC,Paraiba,54,2012-01-01
2013,DEC,Paraiba,155,2013-01-01
2014,DEC,Paraiba,78,2014-01-01
2015,DEC,Paraiba,30,2015-01-01
2016,DEC,Paraiba,45,2016-01-01
1998,JAN,Pernambuco,0,1998-01-01
1999,JAN,Pernambuco,102,1999-01-01
2000,JAN,Pernambuco,3,2000-01-01
2001,JAN,Pernambuco,7,2001-01-01
2002,JAN,Pernambuco,10,2002-01-01
2003,JAN,Pernambuco,188,2003-01-01
2004,JAN,Pernambuco,29,2004-01-01
2005,JAN,Pernambuco,221,2005-01-01
2006,JAN,Pernambuco,148,2006-01-01
2007,JAN,Pernambuco,156,2007-01-01
2008,JAN,Pernambuco,170,2008-01-01
2009,JAN,Pernambuco,256,2009-01-01
2010,JAN,Pernambuco,0,2010-01-01
2011,JAN,Pernambuco,49,2011-01-01
2012,JAN,Pernambuco,146,2012-01-01
2013,JAN,Pernambuco,55,2013-01-01
2014,JAN,Pernambuco,99,2014-01-01
2015,JAN,Pernambuco,109,2015-01-01
2016,JAN,Pernambuco,24,2016-01-01
2017,JAN,Pernambuco,52,2017-01-01
1998,FEB,Pernambuco,0,1998-01-01
1999,FEB,Pernambuco,13,1999-01-01
2000,FEB,Pernambuco,4,2000-01-01
2001,FEB,Pernambuco,2,2001-01-01
2002,FEB,Pernambuco,0,2002-01-01
2003,FEB,Pernambuco,35,2003-01-01
2004,FEB,Pernambuco,8,2004-01-01
2005,FEB,Pernambuco,33,2005-01-01
2006,FEB,Pernambuco,41,2006-01-01
2007,FEB,Pernambuco,21,2007-01-01
2008,FEB,Pernambuco,48,2008-01-01
2009,FEB,Pernambuco,28,2009-01-01
2010,FEB,Pernambuco,33,2010-01-01
2011,FEB,Pernambuco,25,2011-01-01
2012,FEB,Pernambuco,64,2012-01-01
2013,FEB,Pernambuco,29,2013-01-01
2014,FEB,Pernambuco,25,2014-01-01
2015,FEB,Pernambuco,55,2015-01-01
2016,FEB,Pernambuco,19,2016-01-01
2017,FEB,Pernambuco,23,2017-01-01
1998,MAR,Pernambuco,0,1998-01-01
1999,MAR,Pernambuco,27,1999-01-01
2000,MAR,Pernambuco,14,2000-01-01
2001,MAR,Pernambuco,0,2001-01-01
2002,MAR,Pernambuco,24,2002-01-01
2003,MAR,Pernambuco,9,2003-01-01
2004,MAR,Pernambuco,6,2004-01-01
2005,MAR,Pernambuco,45,2005-01-01
2006,MAR,Pernambuco,0,2006-01-01
2007,MAR,Pernambuco,4,2007-01-01
2008,MAR,Pernambuco,32,2008-01-01
2009,MAR,Pernambuco,15,2009-01-01
2010,MAR,Pernambuco,59,2010-01-01
2011,MAR,Pernambuco,39,2011-01-01
2012,MAR,Pernambuco,44,2012-01-01
2013,MAR,Pernambuco,40,2013-01-01
2014,MAR,Pernambuco,36,2014-01-01
2015,MAR,Pernambuco,33,2015-01-01
2016,MAR,Pernambuco,4,2016-01-01
2017,MAR,Pernambuco,7,2017-01-01
1998,APR,Pernambuco,0,1998-01-01
1999,APR,Pernambuco,2,1999-01-01
2000,APR,Pernambuco,1,2000-01-01
2001,APR,Pernambuco,0,2001-01-01
2002,APR,Pernambuco,5,2002-01-01
2003,APR,Pernambuco,7,2003-01-01
2004,APR,Pernambuco,5,2004-01-01
2005,APR,Pernambuco,1,2005-01-01
2006,APR,Pernambuco,2,2006-01-01
2007,APR,Pernambuco,1,2007-01-01
2008,APR,Pernambuco,5,2008-01-01
2009,APR,Pernambuco,3,2009-01-01
2010,APR,Pernambuco,2,2010-01-01
2011,APR,Pernambuco,22,2011-01-01
2012,APR,Pernambuco,46,2012-01-01
2013,APR,Pernambuco,11,2013-01-01
2014,APR,Pernambuco,10,2014-01-01
2015,APR,Pernambuco,30,2015-01-01
2016,APR,Pernambuco,8,2016-01-01
2017,APR,Pernambuco,9,2017-01-01
1998,MAY,Pernambuco,0,1998-01-01
1999,MAY,Pernambuco,6,1999-01-01
2000,MAY,Pernambuco,7,2000-01-01
2001,MAY,Pernambuco,5,2001-01-01
2002,MAY,Pernambuco,13,2002-01-01
2003,MAY,Pernambuco,1,2003-01-01
2004,MAY,Pernambuco,2,2004-01-01
2005,MAY,Pernambuco,0,2005-01-01
2006,MAY,Pernambuco,1,2006-01-01
2007,MAY,Pernambuco,0,2007-01-01
2008,MAY,Pernambuco,0,2008-01-01
2009,MAY,Pernambuco,0,2009-01-01
2010,MAY,Pernambuco,8,2010-01-01
2011,MAY,Pernambuco,1,2011-01-01
2012,MAY,Pernambuco,36,2012-01-01
2013,MAY,Pernambuco,9,2013-01-01
2014,MAY,Pernambuco,4,2014-01-01
2015,MAY,Pernambuco,17,2015-01-01
2016,MAY,Pernambuco,6,2016-01-01
2017,MAY,Pernambuco,13,2017-01-01
1998,JUNE,Pernambuco,1,1998-01-01
1999,JUNE,Pernambuco,7,1999-01-01
2000,JUNE,Pernambuco,4,2000-01-01
2001,JUNE,Pernambuco,2,2001-01-01
2002,JUNE,Pernambuco,1,2002-01-01
2003,JUNE,Pernambuco,2,2003-01-01
2004,JUNE,Pernambuco,4,2004-01-01
2005,JUNE,Pernambuco,3,2005-01-01
2006,JUNE,Pernambuco,0,2006-01-01
2007,JUNE,Pernambuco,1,2007-01-01
2008,JUNE,Pernambuco,0,2008-01-01
2009,JUNE,Pernambuco,1,2009-01-01
2010,JUNE,Pernambuco,1,2010-01-01
2011,JUNE,Pernambuco,4,2011-01-01
2012,JUNE,Pernambuco,12,2012-01-01
2013,JUNE,Pernambuco,12,2013-01-01
2014,JUNE,Pernambuco,3,2014-01-01
2015,JUNE,Pernambuco,3,2015-01-01
2016,JUNE,Pernambuco,4,2016-01-01
2017,JUNE,Pernambuco,5,2017-01-01
1998,JULY,Pernambuco,5,1998-01-01
1999,JULY,Pernambuco,2,1999-01-01
2000,JULY,Pernambuco,0,2000-01-01
2001,JULY,Pernambuco,6,2001-01-01
2002,JULY,Pernambuco,8,2002-01-01
2003,JULY,Pernambuco,5,2003-01-01
2004,JULY,Pernambuco,13,2004-01-01
2005,JULY,Pernambuco,1,2005-01-01
2006,JULY,Pernambuco,1,2006-01-01
2007,JULY,Pernambuco,3,2007-01-01
2008,JULY,Pernambuco,0,2008-01-01
2009,JULY,Pernambuco,1,2009-01-01
2010,JULY,Pernambuco,7,2010-01-01
2011,JULY,Pernambuco,2,2011-01-01
2012,JULY,Pernambuco,0,2012-01-01
2013,JULY,Pernambuco,4,2013-01-01
2014,JULY,Pernambuco,11,2014-01-01
2015,JULY,Pernambuco,13,2015-01-01
2016,JULY,Pernambuco,17,2016-01-01
2017,JULY,Pernambuco,2,2017-01-01
1998,AUG,Pernambuco,12,1998-01-01
1999,AUG,Pernambuco,3,1999-01-01
2000,AUG,Pernambuco,31,2000-01-01
2001,AUG,Pernambuco,27,2001-01-01
2002,AUG,Pernambuco,37,2002-01-01
2003,AUG,Pernambuco,26,2003-01-01
2004,AUG,Pernambuco,41,2004-01-01
2005,AUG,Pernambuco,10,2005-01-01
2006,AUG,Pernambuco,8,2006-01-01
2007,AUG,Pernambuco,20,2007-01-01
2008,AUG,Pernambuco,2,2008-01-01
2009,AUG,Pernambuco,10,2009-01-01
2010,AUG,Pernambuco,29,2010-01-01
2011,AUG,Pernambuco,27,2011-01-01
2012,AUG,Pernambuco,27,2012-01-01
2013,AUG,Pernambuco,14,2013-01-01
2014,AUG,Pernambuco,23,2014-01-01
2015,AUG,Pernambuco,21,2015-01-01
2016,AUG,Pernambuco,42,2016-01-01
2017,AUG,Pernambuco,20,2017-01-01
1998,SEPT,Pernambuco,177,1998-01-01
1999,SEPT,Pernambuco,64,1999-01-01
2000,SEPT,Pernambuco,130,2000-01-01
2001,SEPT,Pernambuco,298,2001-01-01
2002,SEPT,Pernambuco,374,2002-01-01
2003,SEPT,Pernambuco,510,2003-01-01
2004,SEPT,Pernambuco,192,2004-01-01
2005,SEPT,Pernambuco,154,2005-01-01
2006,SEPT,Pernambuco,147,2006-01-01
2007,SEPT,Pernambuco,164,2007-01-01
2008,SEPT,Pernambuco,92,2008-01-01
2009,SEPT,Pernambuco,164,2009-01-01
2010,SEPT,Pernambuco,179,2010-01-01
2011,SEPT,Pernambuco,243,2011-01-01
2012,SEPT,Pernambuco,192,2012-01-01
2013,SEPT,Pernambuco,143,2013-01-01
2014,SEPT,Pernambuco,63,2014-01-01
2015,SEPT,Pernambuco,116,2015-01-01
2016,SEPT,Pernambuco,171,2016-01-01
2017,SEPT,Pernambuco,69,2017-01-01
1998,OCT,Pernambuco,372,1998-01-01
1999,OCT,Pernambuco,180,1999-01-01
2000,OCT,Pernambuco,411,2000-01-01
2001,OCT,Pernambuco,461,2001-01-01
2002,OCT,Pernambuco,638,2002-01-01
2003,OCT,Pernambuco,859,2003-01-01
2004,OCT,Pernambuco,0,2004-01-01
2005,OCT,Pernambuco,408,2005-01-01
2006,OCT,Pernambuco,310,2006-01-01
2007,OCT,Pernambuco,702,2007-01-01
2008,OCT,Pernambuco,274,2008-01-01
2009,OCT,Pernambuco,254,2009-01-01
2010,OCT,Pernambuco,347,2010-01-01
2011,OCT,Pernambuco,461,2011-01-01
2012,OCT,Pernambuco,0,2012-01-01
2013,OCT,Pernambuco,161,2013-01-01
2014,OCT,Pernambuco,174,2014-01-01
2015,OCT,Pernambuco,194,2015-01-01
2016,OCT,Pernambuco,319,2016-01-01
2017,OCT,Pernambuco,256,2017-01-01
1998,NOV,Pernambuco,141,1998-01-01
1999,NOV,Pernambuco,41,1999-01-01
2000,NOV,Pernambuco,64,2000-01-01
2001,NOV,Pernambuco,208,2001-01-01
2002,NOV,Pernambuco,521,2002-01-01
2003,NOV,Pernambuco,560,2003-01-01
2004,NOV,Pernambuco,465,2004-01-01
2005,NOV,Pernambuco,452,2005-01-01
2006,NOV,Pernambuco,385,2006-01-01
2007,NOV,Pernambuco,0,2007-01-01
2008,NOV,Pernambuco,363,2008-01-01
2009,NOV,Pernambuco,486,2009-01-01
2010,NOV,Pernambuco,831,2010-01-01
2011,NOV,Pernambuco,352,2011-01-01
2012,NOV,Pernambuco,181,2012-01-01
2013,NOV,Pernambuco,110,2013-01-01
2014,NOV,Pernambuco,111,2014-01-01
2015,NOV,Pernambuco,0,2015-01-01
2016,NOV,Pernambuco,191,2016-01-01
2017,NOV,Pernambuco,66,2017-01-01
1998,DEC,Pernambuco,59,1998-01-01
1999,DEC,Pernambuco,16,1999-01-01
2000,DEC,Pernambuco,22,2000-01-01
2001,DEC,Pernambuco,62,2001-01-01
2002,DEC,Pernambuco,259,2002-01-01
2003,DEC,Pernambuco,229,2003-01-01
2004,DEC,Pernambuco,373,2004-01-01
2005,DEC,Pernambuco,191,2005-01-01
2006,DEC,Pernambuco,207,2006-01-01
2007,DEC,Pernambuco,200,2007-01-01
2008,DEC,Pernambuco,203,2008-01-01
2009,DEC,Pernambuco,351,2009-01-01
2010,DEC,Pernambuco,117,2010-01-01
2011,DEC,Pernambuco,364,2011-01-01
2012,DEC,Pernambuco,108,2012-01-01
2013,DEC,Pernambuco,141,2013-01-01
2014,DEC,Pernambuco,101,2014-01-01
2015,DEC,Pernambuco,176,2015-01-01
2016,DEC,Pernambuco,161,2016-01-01
1998,JAN,Piau,0,1998-01-01
1999,JAN,Piau,21,1999-01-01
2000,JAN,Piau,5,2000-01-01
2001,JAN,Piau,29,2001-01-01
2002,JAN,Piau,33,2002-01-01
2003,JAN,Piau,86,2003-01-01
2004,JAN,Piau,42,2004-01-01
2005,JAN,Piau,94,2005-01-01
2006,JAN,Piau,133,2006-01-01
2007,JAN,Piau,123,2007-01-01
2008,JAN,Piau,61,2008-01-01
2009,JAN,Piau,79,2009-01-01
2010,JAN,Piau,99,2010-01-01
2011,JAN,Piau,39,2011-01-01
2012,JAN,Piau,80,2012-01-01
2013,JAN,Piau,72,2013-01-01
2014,JAN,Piau,79,2014-01-01
2015,JAN,Piau,92,2015-01-01
2016,JAN,Piau,94,2016-01-01
2017,JAN,Piau,85,2017-01-01
1998,FEB,Piau,0,1998-01-01
1999,FEB,Piau,22,1999-01-01
2000,FEB,Piau,12,2000-01-01
2001,FEB,Piau,0,2001-01-01
2002,FEB,Piau,160,2002-01-01
2003,FEB,Piau,3,2003-01-01
2004,FEB,Piau,20,2004-01-01
2005,FEB,Piau,26,2005-01-01
2006,FEB,Piau,23,2006-01-01
2007,FEB,Piau,11,2007-01-01
2008,FEB,Piau,21,2008-01-01
2009,FEB,Piau,19,2009-01-01
2010,FEB,Piau,54,2010-01-01
2011,FEB,Piau,11,2011-01-01
2012,FEB,Piau,31,2012-01-01
2013,FEB,Piau,68,2013-01-01
2014,FEB,Piau,14,2014-01-01
2015,FEB,Piau,38,2015-01-01
2016,FEB,Piau,97,2016-01-01
2017,FEB,Piau,24,2017-01-01
1998,MAR,Piau,0,1998-01-01
1999,MAR,Piau,4,1999-01-01
2000,MAR,Piau,14,2000-01-01
2001,MAR,Piau,2,2001-01-01
2002,MAR,Piau,63,2002-01-01
2003,MAR,Piau,15,2003-01-01
2004,MAR,Piau,27,2004-01-01
2005,MAR,Piau,13,2005-01-01
2006,MAR,Piau,18,2006-01-01
2007,MAR,Piau,31,2007-01-01
2008,MAR,Piau,4,2008-01-01
2009,MAR,Piau,17,2009-01-01
2010,MAR,Piau,47,2010-01-01
2011,MAR,Piau,15,2011-01-01
2012,MAR,Piau,71,2012-01-01
2013,MAR,Piau,14,2013-01-01
2014,MAR,Piau,88,2014-01-01
2015,MAR,Piau,35,2015-01-01
2016,MAR,Piau,53,2016-01-01
2017,MAR,Piau,25,2017-01-01
1998,APR,Piau,0,1998-01-01
1999,APR,Piau,10,1999-01-01
2000,APR,Piau,15,2000-01-01
2001,APR,Piau,1,2001-01-01
2002,APR,Piau,87,2002-01-01
2003,APR,Piau,22,2003-01-01
2004,APR,Piau,10,2004-01-01
2005,APR,Piau,3,2005-01-01
2006,APR,Piau,1,2006-01-01
2007,APR,Piau,9,2007-01-01
2008,APR,Piau,7,2008-01-01
2009,APR,Piau,8,2009-01-01
2010,APR,Piau,56,2010-01-01
2011,APR,Piau,16,2011-01-01
2012,APR,Piau,119,2012-01-01
2013,APR,Piau,34,2013-01-01
2014,APR,Piau,63,2014-01-01
2015,APR,Piau,50,2015-01-01
2016,APR,Piau,35,2016-01-01
2017,APR,Piau,25,2017-01-01
1998,MAY,Piau,0,1998-01-01
1999,MAY,Piau,8,1999-01-01
2000,MAY,Piau,25,2000-01-01
2001,MAY,Piau,36,2001-01-01
2002,MAY,Piau,84,2002-01-01
2003,MAY,Piau,13,2003-01-01
2004,MAY,Piau,80,2004-01-01
2005,MAY,Piau,0,2005-01-01
2006,MAY,Piau,0,2006-01-01
2007,MAY,Piau,52,2007-01-01
2008,MAY,Piau,12,2008-01-01
2009,MAY,Piau,12,2009-01-01
2010,MAY,Piau,0,2010-01-01
2011,MAY,Piau,77,2011-01-01
2012,MAY,Piau,334,2012-01-01
2013,MAY,Piau,40,2013-01-01
2014,MAY,Piau,138,2014-01-01
2015,MAY,Piau,66,2015-01-01
2016,MAY,Piau,60,2016-01-01
2017,MAY,Piau,36,2017-01-01
1998,JUNE,Piau,46,1998-01-01
1999,JUNE,Piau,47,1999-01-01
2000,JUNE,Piau,18,2000-01-01
2001,JUNE,Piau,87,2001-01-01
2002,JUNE,Piau,161,2002-01-01
2003,JUNE,Piau,88,2003-01-01
2004,JUNE,Piau,239,2004-01-01
2005,JUNE,Piau,171,2005-01-01
2006,JUNE,Piau,40,2006-01-01
2007,JUNE,Piau,303,2007-01-01
2008,JUNE,Piau,33,2008-01-01
2009,JUNE,Piau,56,2009-01-01
2010,JUNE,Piau,208,2010-01-01
2011,JUNE,Piau,462,2011-01-01
2012,JUNE,Piau,834,2012-01-01
2013,JUNE,Piau,263,2013-01-01
2014,JUNE,Piau,373,2014-01-01
2015,JUNE,Piau,283,2015-01-01
2016,JUNE,Piau,153,2016-01-01
2017,JUNE,Piau,193,2017-01-01
1998,JULY,Piau,189,1998-01-01
1999,JULY,Piau,123,1999-01-01
2000,JULY,Piau,75,2000-01-01
2001,JULY,Piau,337,2001-01-01
2002,JULY,Piau,534,2002-01-01
2003,JULY,Piau,407,2003-01-01
2004,JULY,Piau,564,2004-01-01
2005,JULY,Piau,445,2005-01-01
2006,JULY,Piau,150,2006-01-01
2007,JULY,Piau,919,2007-01-01
2008,JULY,Piau,97,2008-01-01
2009,JULY,Piau,302,2009-01-01
2010,JULY,Piau,2,2010-01-01
2011,JULY,Piau,864,2011-01-01
2012,JULY,Piau,2,2012-01-01
2013,JULY,Piau,361,2013-01-01
2014,JULY,Piau,1,2014-01-01
2015,JULY,Piau,690,2015-01-01
2016,JULY,Piau,754,2016-01-01
2017,JULY,Piau,643,2017-01-01
1998,AUG,Piau,711,1998-01-01
1999,AUG,Piau,499,1999-01-01
2000,AUG,Piau,415,2000-01-01
2001,AUG,Piau,1,2001-01-01
2002,AUG,Piau,2,2002-01-01
2003,AUG,Piau,864,2003-01-01
2004,AUG,Piau,1,2004-01-01
2005,AUG,Piau,943,2005-01-01
2006,AUG,Piau,911,2006-01-01
2007,AUG,Piau,4,2007-01-01
2008,AUG,Piau,290,2008-01-01
2009,AUG,Piau,790,2009-01-01
2010,AUG,Piau,4,2010-01-01
2011,AUG,Piau,2,2011-01-01
2012,AUG,Piau,4,2012-01-01
2013,AUG,Piau,1,2013-01-01
2014,AUG,Piau,2,2014-01-01
2015,AUG,Piau,2,2015-01-01
2016,AUG,Piau,0,2016-01-01
2017,AUG,Piau,2,2017-01-01
1998,SEPT,Piau,2,1998-01-01
1999,SEPT,Piau,872,1999-01-01
2000,SEPT,Piau,1,2000-01-01
2001,SEPT,Piau,2,2001-01-01
2002,SEPT,Piau,2,2002-01-01
2003,SEPT,Piau,3,2003-01-01
2004,SEPT,Piau,3,2004-01-01
2005,SEPT,Piau,3,2005-01-01
2006,SEPT,Piau,2,2006-01-01
2007,SEPT,Piau,4,2007-01-01
2008,SEPT,Piau,1,2008-01-01
2009,SEPT,Piau,2,2009-01-01
2010,SEPT,Piau,5,2010-01-01
2011,SEPT,Piau,4,2011-01-01
2012,SEPT,Piau,4,2012-01-01
2013,SEPT,Piau,2,2013-01-01
2014,SEPT,Piau,3,2014-01-01
2015,SEPT,Piau,6,2015-01-01
2016,SEPT,Piau,1,2016-01-01
2017,SEPT,Piau,3,2017-01-01
1998,OCT,Piau,0,1998-01-01
1999,OCT,Piau,1,1999-01-01
2000,OCT,Piau,3,2000-01-01
2001,OCT,Piau,4,2001-01-01
2002,OCT,Piau,3,2002-01-01
2003,OCT,Piau,2,2003-01-01
2004,OCT,Piau,2,2004-01-01
2005,OCT,Piau,3,2005-01-01
2006,OCT,Piau,1,2006-01-01
2007,OCT,Piau,2,2007-01-01
2008,OCT,Piau,2,2008-01-01
2009,OCT,Piau,913,2009-01-01
2010,OCT,Piau,0,2010-01-01
2011,OCT,Piau,1,2011-01-01
2012,OCT,Piau,3,2012-01-01
2013,OCT,Piau,1,2013-01-01
2014,OCT,Piau,2,2014-01-01
2015,OCT,Piau,4,2015-01-01
2016,OCT,Piau,3,2016-01-01
2017,OCT,Piau,3,2017-01-01
1998,NOV,Piau,424,1998-01-01
1999,NOV,Piau,334,1999-01-01
2000,NOV,Piau,450,2000-01-01
2001,NOV,Piau,1,2001-01-01
2002,NOV,Piau,1,2002-01-01
2003,NOV,Piau,1,2003-01-01
2004,NOV,Piau,2,2004-01-01
2005,NOV,Piau,2,2005-01-01
2006,NOV,Piau,740,2006-01-01
2007,NOV,Piau,939,2007-01-01
2008,NOV,Piau,594,2008-01-01
2009,NOV,Piau,1,2009-01-01
2010,NOV,Piau,1,2010-01-01
2011,NOV,Piau,825,2011-01-01
2012,NOV,Piau,447,2012-01-01
2013,NOV,Piau,640,2013-01-01
2014,NOV,Piau,717,2014-01-01
2015,NOV,Piau,897,2015-01-01
2016,NOV,Piau,1,2016-01-01
2017,NOV,Piau,449,2017-01-01
1998,DEC,Piau,119,1998-01-01
1999,DEC,Piau,74,1999-01-01
2000,DEC,Piau,79,2000-01-01
2001,DEC,Piau,230,2001-01-01
2002,DEC,Piau,373,2002-01-01
2003,DEC,Piau,459,2003-01-01
2004,DEC,Piau,788,2004-01-01
2005,DEC,Piau,486,2005-01-01
2006,DEC,Piau,339,2006-01-01
2007,DEC,Piau,317,2007-01-01
2008,DEC,Piau,329,2008-01-01
2009,DEC,Piau,570,2009-01-01
2010,DEC,Piau,357,2010-01-01
2011,DEC,Piau,362,2011-01-01
2012,DEC,Piau,334,2012-01-01
2013,DEC,Piau,468,2013-01-01
2014,DEC,Piau,346,2014-01-01
2015,DEC,Piau,626,2015-01-01
2016,DEC,Piau,374,2016-01-01
1998,JAN,Rio,0,1998-01-01
1999,JAN,Rio,0,1999-01-01
2000,JAN,Rio,0,2000-01-01
2001,JAN,Rio,0,2001-01-01
2002,JAN,Rio,0,2002-01-01
2003,JAN,Rio,0,2003-01-01
2004,JAN,Rio,1,2004-01-01
2005,JAN,Rio,5,2005-01-01
2006,JAN,Rio,12,2006-01-01
2007,JAN,Rio,0,2007-01-01
2008,JAN,Rio,1,2008-01-01
2009,JAN,Rio,3,2009-01-01
2010,JAN,Rio,13,2010-01-01
2011,JAN,Rio,0,2011-01-01
2012,JAN,Rio,12,2012-01-01
2013,JAN,Rio,9,2013-01-01
2014,JAN,Rio,35,2014-01-01
2015,JAN,Rio,97,2015-01-01
2016,JAN,Rio,9,2016-01-01
2017,JAN,Rio,15,2017-01-01
1998,FEB,Rio,0,1998-01-01
1999,FEB,Rio,0,1999-01-01
2000,FEB,Rio,1,2000-01-01
2001,FEB,Rio,3,2001-01-01
2002,FEB,Rio,1,2002-01-01
2003,FEB,Rio,10,2003-01-01
2004,FEB,Rio,8,2004-01-01
2005,FEB,Rio,4,2005-01-01
2006,FEB,Rio,7,2006-01-01
2007,FEB,Rio,15,2007-01-01
2008,FEB,Rio,2,2008-01-01
2009,FEB,Rio,5,2009-01-01
2010,FEB,Rio,73,2010-01-01
2011,FEB,Rio,36,2011-01-01
2012,FEB,Rio,11,2012-01-01
2013,FEB,Rio,12,2013-01-01
2014,FEB,Rio,116,2014-01-01
2015,FEB,Rio,36,2015-01-01
2016,FEB,Rio,16,2016-01-01
2017,FEB,Rio,34,2017-01-01
1998,MAR,Rio,0,1998-01-01
1999,MAR,Rio,0,1999-01-01
2000,MAR,Rio,0,2000-01-01
2001,MAR,Rio,0,2001-01-01
2002,MAR,Rio,1,2002-01-01
2003,MAR,Rio,23,2003-01-01
2004,MAR,Rio,4,2004-01-01
2005,MAR,Rio,7,2005-01-01
2006,MAR,Rio,8,2006-01-01
2007,MAR,Rio,27,2007-01-01
2008,MAR,Rio,2,2008-01-01
2009,MAR,Rio,5,2009-01-01
2010,MAR,Rio,10,2010-01-01
2011,MAR,Rio,7,2011-01-01
2012,MAR,Rio,20,2012-01-01
2013,MAR,Rio,0,2013-01-01
2014,MAR,Rio,38,2014-01-01
2015,MAR,Rio,23,2015-01-01
2016,MAR,Rio,16,2016-01-01
2017,MAR,Rio,10,2017-01-01
1998,APR,Rio,0,1998-01-01
1999,APR,Rio,1,1999-01-01
2000,APR,Rio,2,2000-01-01
2001,APR,Rio,2,2001-01-01
2002,APR,Rio,8,2002-01-01
2003,APR,Rio,11,2003-01-01
2004,APR,Rio,3,2004-01-01
2005,APR,Rio,1,2005-01-01
2006,APR,Rio,8,2006-01-01
2007,APR,Rio,9,2007-01-01
2008,APR,Rio,2,2008-01-01
2009,APR,Rio,1,2009-01-01
2010,APR,Rio,10,2010-01-01
2011,APR,Rio,12,2011-01-01
2012,APR,Rio,12,2012-01-01
2013,APR,Rio,9,2013-01-01
2014,APR,Rio,25,2014-01-01
2015,APR,Rio,24,2015-01-01
2016,APR,Rio,45,2016-01-01
2017,APR,Rio,12,2017-01-01
1998,MAY,Rio,0,1998-01-01
1999,MAY,Rio,7,1999-01-01
2000,MAY,Rio,5,2000-01-01
2001,MAY,Rio,4,2001-01-01
2002,MAY,Rio,4,2002-01-01
2003,MAY,Rio,1,2003-01-01
2004,MAY,Rio,0,2004-01-01
2005,MAY,Rio,11,2005-01-01
2006,MAY,Rio,4,2006-01-01
2007,MAY,Rio,2,2007-01-01
2008,MAY,Rio,0,2008-01-01
2009,MAY,Rio,37,2009-01-01
2010,MAY,Rio,6,2010-01-01
2011,MAY,Rio,17,2011-01-01
2012,MAY,Rio,18,2012-01-01
2013,MAY,Rio,16,2013-01-01
2014,MAY,Rio,20,2014-01-01
2015,MAY,Rio,21,2015-01-01
2016,MAY,Rio,30,2016-01-01
2017,MAY,Rio,15,2017-01-01
1998,JUNE,Rio,3,1998-01-01
1999,JUNE,Rio,8,1999-01-01
2000,JUNE,Rio,14,2000-01-01
2001,JUNE,Rio,13,2001-01-01
2002,JUNE,Rio,13,2002-01-01
2003,JUNE,Rio,13,2003-01-01
2004,JUNE,Rio,19,2004-01-01
2005,JUNE,Rio,16,2005-01-01
2006,JUNE,Rio,19,2006-01-01
2007,JUNE,Rio,3,2007-01-01
2008,JUNE,Rio,4,2008-01-01
2009,JUNE,Rio,33,2009-01-01
2010,JUNE,Rio,7,2010-01-01
2011,JUNE,Rio,33,2011-01-01
2012,JUNE,Rio,14,2012-01-01
2013,JUNE,Rio,17,2013-01-01
2014,JUNE,Rio,54,2014-01-01
2015,JUNE,Rio,33,2015-01-01
2016,JUNE,Rio,37,2016-01-01
2017,JUNE,Rio,68,2017-01-01
1998,JULY,Rio,21,1998-01-01
1999,JULY,Rio,14,1999-01-01
2000,JULY,Rio,22,2000-01-01
2001,JULY,Rio,57,2001-01-01
2002,JULY,Rio,17,2002-01-01
2003,JULY,Rio,42,2003-01-01
2004,JULY,Rio,23,2004-01-01
2005,JULY,Rio,20,2005-01-01
2006,JULY,Rio,54,2006-01-01
2007,JULY,Rio,15,2007-01-01
2008,JULY,Rio,14,2008-01-01
2009,JULY,Rio,56,2009-01-01
2010,JULY,Rio,55,2010-01-01
2011,JULY,Rio,121,2011-01-01
2012,JULY,Rio,50,2012-01-01
2013,JULY,Rio,58,2013-01-01
2014,JULY,Rio,62,2014-01-01
2015,JULY,Rio,74,2015-01-01
2016,JULY,Rio,131,2016-01-01
2017,JULY,Rio,70,2017-01-01
1998,AUG,Rio,21,1998-01-01
1999,AUG,Rio,88,1999-01-01
2000,AUG,Rio,34,2000-01-01
2001,AUG,Rio,129,2001-01-01
2002,AUG,Rio,184,2002-01-01
2003,AUG,Rio,191,2003-01-01
2004,AUG,Rio,74,2004-01-01
2005,AUG,Rio,98,2005-01-01
2006,AUG,Rio,79,2006-01-01
2007,AUG,Rio,189,2007-01-01
2008,AUG,Rio,19,2008-01-01
2009,AUG,Rio,91,2009-01-01
2010,AUG,Rio,316,2010-01-01
2011,AUG,Rio,250,2011-01-01
2012,AUG,Rio,72,2012-01-01
2013,AUG,Rio,74,2013-01-01
2014,AUG,Rio,199,2014-01-01
2015,AUG,Rio,158,2015-01-01
2016,AUG,Rio,241,2016-01-01
2017,AUG,Rio,164,2017-01-01
1998,SEPT,Rio,44,1998-01-01
1999,SEPT,Rio,192,1999-01-01
2000,SEPT,Rio,0,2000-01-01
2001,SEPT,Rio,60,2001-01-01
2002,SEPT,Rio,45,2002-01-01
2003,SEPT,Rio,166,2003-01-01
2004,SEPT,Rio,205,2004-01-01
2005,SEPT,Rio,46,2005-01-01
2006,SEPT,Rio,197,2006-01-01
2007,SEPT,Rio,223,2007-01-01
2008,SEPT,Rio,132,2008-01-01
2009,SEPT,Rio,90,2009-01-01
2010,SEPT,Rio,353,2010-01-01
2011,SEPT,Rio,510,2011-01-01
2012,SEPT,Rio,172,2012-01-01
2013,SEPT,Rio,117,2013-01-01
2014,SEPT,Rio,318,2014-01-01
2015,SEPT,Rio,85,2015-01-01
2016,SEPT,Rio,195,2016-01-01
2017,SEPT,Rio,728,2017-01-01
1998,OCT,Rio,6,1998-01-01
1999,OCT,Rio,30,1999-01-01
2000,OCT,Rio,25,2000-01-01
2001,OCT,Rio,33,2001-01-01
2002,OCT,Rio,313,2002-01-01
2003,OCT,Rio,81,2003-01-01
2004,OCT,Rio,26,2004-01-01
2005,OCT,Rio,116,2005-01-01
2006,OCT,Rio,12,2006-01-01
2007,OCT,Rio,137,2007-01-01
2008,OCT,Rio,42,2008-01-01
2009,OCT,Rio,18,2009-01-01
2010,OCT,Rio,35,2010-01-01
2011,OCT,Rio,114,2011-01-01
2012,OCT,Rio,163,2012-01-01
2013,OCT,Rio,44,2013-01-01
2014,OCT,Rio,500,2014-01-01
2015,OCT,Rio,96,2015-01-01
2016,OCT,Rio,30,2016-01-01
2017,OCT,Rio,238,2017-01-01
1998,NOV,Rio,6,1998-01-01
1999,NOV,Rio,16,1999-01-01
2000,NOV,Rio,2,2000-01-01
2001,NOV,Rio,4,2001-01-01
2002,NOV,Rio,11,2002-01-01
2003,NOV,Rio,5,2003-01-01
2004,NOV,Rio,49,2004-01-01
2005,NOV,Rio,12,2005-01-01
2006,NOV,Rio,1,2006-01-01
2007,NOV,Rio,1,2007-01-01
2008,NOV,Rio,0,2008-01-01
2009,NOV,Rio,0,2009-01-01
2010,NOV,Rio,23,2010-01-01
2011,NOV,Rio,20,2011-01-01
2012,NOV,Rio,13,2012-01-01
2013,NOV,Rio,28,2013-01-01
2014,NOV,Rio,36,2014-01-01
2015,NOV,Rio,6,2015-01-01
2016,NOV,Rio,19,2016-01-01
2017,NOV,Rio,43,2017-01-01
1998,DEC,Rio,1,1998-01-01
1999,DEC,Rio,0,1999-01-01
2000,DEC,Rio,0,2000-01-01
2001,DEC,Rio,2,2001-01-01
2002,DEC,Rio,8,2002-01-01
2003,DEC,Rio,10,2003-01-01
2004,DEC,Rio,9,2004-01-01
2005,DEC,Rio,2,2005-01-01
2006,DEC,Rio,0,2006-01-01
2007,DEC,Rio,0,2007-01-01
2008,DEC,Rio,6,2008-01-01
2009,DEC,Rio,1,2009-01-01
2010,DEC,Rio,10,2010-01-01
2011,DEC,Rio,3,2011-01-01
2012,DEC,Rio,18,2012-01-01
2013,DEC,Rio,12,2013-01-01
2014,DEC,Rio,25,2014-01-01
2015,DEC,Rio,11,2015-01-01
2016,DEC,Rio,5,2016-01-01
1999,JAN,Rio,32,1999-01-01
2000,JAN,Rio,1,2000-01-01
2001,JAN,Rio,2,2001-01-01
2002,JAN,Rio,4,2002-01-01
2003,JAN,Rio,113,2003-01-01
2004,JAN,Rio,44,2004-01-01
2005,JAN,Rio,153,2005-01-01
2006,JAN,Rio,93,2006-01-01
2007,JAN,Rio,63,2007-01-01
2008,JAN,Rio,70,2008-01-01
2009,JAN,Rio,110,2009-01-01
2010,JAN,Rio,32,2010-01-01
2011,JAN,Rio,15,2011-01-01
2012,JAN,Rio,72,2012-01-01
2013,JAN,Rio,25,2013-01-01
2014,JAN,Rio,34,2014-01-01
2015,JAN,Rio,45,2015-01-01
2016,JAN,Rio,15,2016-01-01
2017,JAN,Rio,28,2017-01-01
1999,FEB,Rio,11,1999-01-01
2000,FEB,Rio,7,2000-01-01
2001,FEB,Rio,0,2001-01-01
2002,FEB,Rio,18,2002-01-01
2003,FEB,Rio,9,2003-01-01
2004,FEB,Rio,5,2004-01-01
2005,FEB,Rio,42,2005-01-01
2006,FEB,Rio,21,2006-01-01
2007,FEB,Rio,9,2007-01-01
2008,FEB,Rio,25,2008-01-01
2009,FEB,Rio,8,2009-01-01
2010,FEB,Rio,12,2010-01-01
2011,FEB,Rio,5,2011-01-01
2012,FEB,Rio,13,2012-01-01
2013,FEB,Rio,24,2013-01-01
2014,FEB,Rio,8,2014-01-01
2015,FEB,Rio,15,2015-01-01
2016,FEB,Rio,2,2016-01-01
2017,FEB,Rio,10,2017-01-01
1999,MAR,Rio,9,1999-01-01
2000,MAR,Rio,11,2000-01-01
2002,MAR,Rio,3,2002-01-01
2003,MAR,Rio,1,2003-01-01
2004,MAR,Rio,0,2004-01-01
2005,MAR,Rio,15,2005-01-01
2007,MAR,Rio,7,2007-01-01
2008,MAR,Rio,3,2008-01-01
2009,MAR,Rio,2,2009-01-01
2010,MAR,Rio,23,2010-01-01
2011,MAR,Rio,3,2011-01-01
2012,MAR,Rio,2,2012-01-01
2013,MAR,Rio,6,2013-01-01
2014,MAR,Rio,6,2014-01-01
2015,MAR,Rio,3,2015-01-01
2016,MAR,Rio,1,2016-01-01
2017,MAR,Rio,3,2017-01-01
1999,APR,Rio,21,1999-01-01
2000,APR,Rio,16,2000-01-01
2001,APR,Rio,10,2001-01-01
2002,APR,Rio,0,2002-01-01
2003,APR,Rio,2,2003-01-01
2005,APR,Rio,2,2005-01-01
2006,APR,Rio,2,2006-01-01
2007,APR,Rio,1,2007-01-01
2008,APR,Rio,0,2008-01-01
2010,APR,Rio,7,2010-01-01
2011,APR,Rio,0,2011-01-01
2012,APR,Rio,4,2012-01-01
2013,APR,Rio,7,2013-01-01
2014,APR,Rio,2,2014-01-01
2015,APR,Rio,4,2015-01-01
2016,APR,Rio,0,2016-01-01
2017,APR,Rio,6,2017-01-01
1999,MAY,Rio,1,1999-01-01
2000,MAY,Rio,3,2000-01-01
2001,MAY,Rio,56,2001-01-01
2002,MAY,Rio,6,2002-01-01
2003,MAY,Rio,0,2003-01-01
2004,MAY,Rio,2,2004-01-01
2005,MAY,Rio,3,2005-01-01
2006,MAY,Rio,0,2006-01-01
2009,MAY,Rio,0,2009-01-01
2010,MAY,Rio,3,2010-01-01
2011,MAY,Rio,0,2011-01-01
2012,MAY,Rio,14,2012-01-01
2013,MAY,Rio,2,2013-01-01
2014,MAY,Rio,2,2014-01-01
2015,MAY,Rio,4,2015-01-01
2016,MAY,Rio,1,2016-01-01
2017,MAY,Rio,2,2017-01-01
1998,JUNE,Rio,1,1998-01-01
1999,JUNE,Rio,4,1999-01-01
2000,JUNE,Rio,8,2000-01-01
2002,JUNE,Rio,1,2002-01-01
2003,JUNE,Rio,1,2003-01-01
2004,JUNE,Rio,2,2004-01-01
2005,JUNE,Rio,0,2005-01-01
2006,JUNE,Rio,0,2006-01-01
2007,JUNE,Rio,0,2007-01-01
2008,JUNE,Rio,0,2008-01-01
2009,JUNE,Rio,0,2009-01-01
2010,JUNE,Rio,1,2010-01-01
2011,JUNE,Rio,1,2011-01-01
2012,JUNE,Rio,5,2012-01-01
2013,JUNE,Rio,1,2013-01-01
2014,JUNE,Rio,2,2014-01-01
2015,JUNE,Rio,5,2015-01-01
2016,JUNE,Rio,4,2016-01-01
2017,JUNE,Rio,3,2017-01-01
1998,JULY,Rio,5,1998-01-01
1999,JULY,Rio,7,1999-01-01
2000,JULY,Rio,5,2000-01-01
2001,JULY,Rio,25,2001-01-01
2002,JULY,Rio,7,2002-01-01
2003,JULY,Rio,7,2003-01-01
2004,JULY,Rio,5,2004-01-01
2005,JULY,Rio,2,2005-01-01
2006,JULY,Rio,0,2006-01-01
2007,JULY,Rio,7,2007-01-01
2008,JULY,Rio,0,2008-01-01
2009,JULY,Rio,0,2009-01-01
2010,JULY,Rio,7,2010-01-01
2011,JULY,Rio,0,2011-01-01
2012,JULY,Rio,3,2012-01-01
2013,JULY,Rio,0,2013-01-01
2014,JULY,Rio,2,2014-01-01
2015,JULY,Rio,3,2015-01-01
2016,JULY,Rio,13,2016-01-01
2017,JULY,Rio,4,2017-01-01
1998,AUG,Rio,4,1998-01-01
1999,AUG,Rio,40,1999-01-01
2000,AUG,Rio,29,2000-01-01
2001,AUG,Rio,55,2001-01-01
2002,AUG,Rio,48,2002-01-01
2003,AUG,Rio,0,2003-01-01
2004,AUG,Rio,15,2004-01-01
2005,AUG,Rio,9,2005-01-01
2006,AUG,Rio,13,2006-01-01
2007,AUG,Rio,26,2007-01-01
2008,AUG,Rio,2,2008-01-01
2009,AUG,Rio,1,2009-01-01
2010,AUG,Rio,24,2010-01-01
2011,AUG,Rio,10,2011-01-01
2012,AUG,Rio,23,2012-01-01
2013,AUG,Rio,2,2013-01-01
2014,AUG,Rio,21,2014-01-01
2015,AUG,Rio,16,2015-01-01
2016,AUG,Rio,0,2016-01-01
2017,AUG,Rio,21,2017-01-01
1998,SEPT,Rio,51,1998-01-01
1999,SEPT,Rio,35,1999-01-01
2000,SEPT,Rio,17,2000-01-01
2001,SEPT,Rio,45,2001-01-01
2002,SEPT,Rio,52,2002-01-01
2003,SEPT,Rio,112,2003-01-01
2004,SEPT,Rio,47,2004-01-01
2005,SEPT,Rio,37,2005-01-01
2006,SEPT,Rio,50,2006-01-01
2007,SEPT,Rio,50,2007-01-01
2008,SEPT,Rio,17,2008-01-01
2009,SEPT,Rio,29,2009-01-01
2010,SEPT,Rio,50,2010-01-01
2011,SEPT,Rio,22,2011-01-01
2012,SEPT,Rio,41,2012-01-01
2013,SEPT,Rio,7,2013-01-01
2014,SEPT,Rio,30,2014-01-01
2015,SEPT,Rio,36,2015-01-01
2016,SEPT,Rio,44,2016-01-01
2017,SEPT,Rio,48,2017-01-01
1998,OCT,Rio,55,1998-01-01
1999,OCT,Rio,40,1999-01-01
2000,OCT,Rio,28,2000-01-01
2001,OCT,Rio,34,2001-01-01
2002,OCT,Rio,140,2002-01-01
2003,OCT,Rio,276,2003-01-01
2004,OCT,Rio,89,2004-01-01
2005,OCT,Rio,168,2005-01-01
2006,OCT,Rio,85,2006-01-01
2007,OCT,Rio,88,2007-01-01
2008,OCT,Rio,53,2008-01-01
2009,OCT,Rio,84,2009-01-01
2010,OCT,Rio,111,2010-01-01
2011,OCT,Rio,76,2011-01-01
2012,OCT,Rio,74,2012-01-01
2013,OCT,Rio,71,2013-01-01
2014,OCT,Rio,75,2014-01-01
2015,OCT,Rio,129,2015-01-01
2016,OCT,Rio,129,2016-01-01
2017,OCT,Rio,85,2017-01-01
1998,NOV,Rio,41,1998-01-01
1999,NOV,Rio,62,1999-01-01
2000,NOV,Rio,9,2000-01-01
2001,NOV,Rio,41,2001-01-01
2002,NOV,Rio,178,2002-01-01
2003,NOV,Rio,366,2003-01-01
2004,NOV,Rio,164,2004-01-01
2005,NOV,Rio,249,2005-01-01
2006,NOV,Rio,148,2006-01-01
2007,NOV,Rio,130,2007-01-01
2008,NOV,Rio,82,2008-01-01
2009,NOV,Rio,172,2009-01-01
2010,NOV,Rio,212,2010-01-01
2011,NOV,Rio,144,2011-01-01
2012,NOV,Rio,69,2012-01-01
2013,NOV,Rio,77,2013-01-01
2014,NOV,Rio,124,2014-01-01
2015,NOV,Rio,105,2015-01-01
2016,NOV,Rio,93,2016-01-01
2017,NOV,Rio,89,2017-01-01
1998,DEC,Rio,19,1998-01-01
1999,DEC,Rio,29,1999-01-01
2000,DEC,Rio,11,2000-01-01
2001,DEC,Rio,20,2001-01-01
2002,DEC,Rio,222,2002-01-01
2003,DEC,Rio,278,2003-01-01
2004,DEC,Rio,284,2004-01-01
2005,DEC,Rio,149,2005-01-01
2006,DEC,Rio,101,2006-01-01
2007,DEC,Rio,80,2007-01-01
2008,DEC,Rio,126,2008-01-01
2009,DEC,Rio,221,2009-01-01
2010,DEC,Rio,54,2010-01-01
2011,DEC,Rio,125,2011-01-01
2012,DEC,Rio,75,2012-01-01
2013,DEC,Rio,46,2013-01-01
2014,DEC,Rio,47,2014-01-01
2015,DEC,Rio,74,2015-01-01
2016,DEC,Rio,75,2016-01-01
1999,JAN,Rio,63,1999-01-01
2000,JAN,Rio,126,2000-01-01
2001,JAN,Rio,12,2001-01-01
2002,JAN,Rio,265,2002-01-01
2003,JAN,Rio,58,2003-01-01
2004,JAN,Rio,70,2004-01-01
2005,JAN,Rio,152,2005-01-01
2006,JAN,Rio,46,2006-01-01
2007,JAN,Rio,37,2007-01-01
2008,JAN,Rio,42,2008-01-01
2009,JAN,Rio,65,2009-01-01
2010,JAN,Rio,22,2010-01-01
2011,JAN,Rio,33,2011-01-01
2012,JAN,Rio,61,2012-01-01
2013,JAN,Rio,22,2013-01-01
2014,JAN,Rio,53,2014-01-01
2015,JAN,Rio,51,2015-01-01
2016,JAN,Rio,68,2016-01-01
1999,FEB,Rio,35,1999-01-01
2000,FEB,Rio,43,2000-01-01
2001,FEB,Rio,32,2001-01-01
2002,FEB,Rio,38,2002-01-01
2003,FEB,Rio,13,2003-01-01
2004,FEB,Rio,52,2004-01-01
2005,FEB,Rio,36,2005-01-01
2006,FEB,Rio,34,2006-01-01
2007,FEB,Rio,24,2007-01-01
2008,FEB,Rio,30,2008-01-01
2009,FEB,Rio,15,2009-01-01
2010,FEB,Rio,23,2010-01-01
2011,FEB,Rio,26,2011-01-01
2012,FEB,Rio,39,2012-01-01
2013,FEB,Rio,43,2013-01-01
2014,FEB,Rio,37,2014-01-01
2015,FEB,Rio,41,2015-01-01
2016,FEB,Rio,55,2016-01-01
2017,FEB,Rio,31,2017-01-01
1999,MAR,Rio,38,1999-01-01
2000,MAR,Rio,51,2000-01-01
2001,MAR,Rio,11,2001-01-01
2002,MAR,Rio,26,2002-01-01
2003,MAR,Rio,27,2003-01-01
2004,MAR,Rio,149,2004-01-01
2005,MAR,Rio,153,2005-01-01
2006,MAR,Rio,76,2006-01-01
2007,MAR,Rio,0,2007-01-01
2008,MAR,Rio,38,2008-01-01
2009,MAR,Rio,41,2009-01-01
2010,MAR,Rio,21,2010-01-01
2011,MAR,Rio,31,2011-01-01
2012,MAR,Rio,50,2012-01-01
2013,MAR,Rio,44,2013-01-01
2014,MAR,Rio,58,2014-01-01
2015,MAR,Rio,108,2015-01-01
2016,MAR,Rio,30,2016-01-01
2017,MAR,Rio,34,2017-01-01
1999,APR,Rio,12,1999-01-01
2000,APR,Rio,1,2000-01-01
2001,APR,Rio,3,2001-01-01
2002,APR,Rio,6,2002-01-01
2003,APR,Rio,30,2003-01-01
2004,APR,Rio,98,2004-01-01
2005,APR,Rio,14,2005-01-01
2006,APR,Rio,59,2006-01-01
2007,APR,Rio,4,2007-01-01
2008,APR,Rio,110,2008-01-01
2009,APR,Rio,145,2009-01-01
2010,APR,Rio,72,2010-01-01
2011,APR,Rio,41,2011-01-01
2012,APR,Rio,41,2012-01-01
2013,APR,Rio,47,2013-01-01
2014,APR,Rio,60,2014-01-01
2015,APR,Rio,175,2015-01-01
2016,APR,Rio,32,2016-01-01
2017,APR,Rio,51,2017-01-01
1999,MAY,Rio,13,1999-01-01
2000,MAY,Rio,4,2000-01-01
2002,MAY,Rio,7,2002-01-01
2003,MAY,Rio,18,2003-01-01
2004,MAY,Rio,4,2004-01-01
2005,MAY,Rio,24,2005-01-01
2006,MAY,Rio,24,2006-01-01
2007,MAY,Rio,3,2007-01-01
2008,MAY,Rio,20,2008-01-01
2009,MAY,Rio,177,2009-01-01
2010,MAY,Rio,9,2010-01-01
2011,MAY,Rio,20,2011-01-01
2012,MAY,Rio,112,2012-01-01
2013,MAY,Rio,14,2013-01-01
2014,MAY,Rio,63,2014-01-01
2015,MAY,Rio,169,2015-01-01
2016,MAY,Rio,37,2016-01-01
2017,MAY,Rio,43,2017-01-01
1998,JUNE,Rio,0,1998-01-01
1999,JUNE,Rio,9,1999-01-01
2000,JUNE,Rio,0,2000-01-01
2001,JUNE,Rio,1,2001-01-01
2002,JUNE,Rio,4,2002-01-01
2003,JUNE,Rio,14,2003-01-01
2004,JUNE,Rio,52,2004-01-01
2005,JUNE,Rio,50,2005-01-01
2006,JUNE,Rio,7,2006-01-01
2007,JUNE,Rio,10,2007-01-01
2008,JUNE,Rio,16,2008-01-01
2009,JUNE,Rio,30,2009-01-01
2010,JUNE,Rio,4,2010-01-01
2011,JUNE,Rio,12,2011-01-01
2012,JUNE,Rio,86,2012-01-01
2013,JUNE,Rio,10,2013-01-01
2014,JUNE,Rio,62,2014-01-01
2015,JUNE,Rio,68,2015-01-01
2016,JUNE,Rio,261,2016-01-01
2017,JUNE,Rio,103,2017-01-01
1998,JULY,Rio,0,1998-01-01
1999,JULY,Rio,10,1999-01-01
2000,JULY,Rio,6,2000-01-01
2001,JULY,Rio,6,2001-01-01
2002,JULY,Rio,93,2002-01-01
2003,JULY,Rio,55,2003-01-01
2004,JULY,Rio,156,2004-01-01
2005,JULY,Rio,47,2005-01-01
2006,JULY,Rio,45,2006-01-01
2008,JULY,Rio,25,2008-01-01
2009,JULY,Rio,47,2009-01-01
2010,JULY,Rio,34,2010-01-01
2011,JULY,Rio,45,2011-01-01
2012,JULY,Rio,134,2012-01-01
2013,JULY,Rio,42,2013-01-01
2014,JULY,Rio,209,2014-01-01
2015,JULY,Rio,60,2015-01-01
2016,JULY,Rio,865,2016-01-01
2017,JULY,Rio,885,2017-01-01
1998,AUG,Rio,9,1998-01-01
1999,AUG,Rio,24,1999-01-01
2000,AUG,Rio,18,2000-01-01
2001,AUG,Rio,36,2001-01-01
2002,AUG,Rio,824,2002-01-01
2003,AUG,Rio,1,2003-01-01
2004,AUG,Rio,403,2004-01-01
2005,AUG,Rio,120,2005-01-01
2006,AUG,Rio,642,2006-01-01
2007,AUG,Rio,258,2007-01-01
2008,AUG,Rio,56,2008-01-01
2009,AUG,Rio,1,2009-01-01
2010,AUG,Rio,267,2010-01-01
2011,AUG,Rio,116,2011-01-01
2012,AUG,Rio,410,2012-01-01
2013,AUG,Rio,156,2013-01-01
2014,AUG,Rio,1,2014-01-01
2015,AUG,Rio,414,2015-01-01
2016,AUG,Rio,1,2016-01-01
2017,AUG,Rio,819,2017-01-01
1998,SEPT,Rio,60,1998-01-01
1999,SEPT,Rio,19,1999-01-01
2000,SEPT,Rio,27,2000-01-01
2001,SEPT,Rio,2,2001-01-01
2002,SEPT,Rio,226,2002-01-01
2003,SEPT,Rio,828,2003-01-01
2004,SEPT,Rio,431,2004-01-01
2005,SEPT,Rio,189,2005-01-01
2006,SEPT,Rio,444,2006-01-01
2007,SEPT,Rio,573,2007-01-01
2008,SEPT,Rio,97,2008-01-01
2009,SEPT,Rio,39,2009-01-01
2010,SEPT,Rio,250,2010-01-01
2011,SEPT,Rio,449,2011-01-01
2012,SEPT,Rio,113,2012-01-01
2013,SEPT,Rio,290,2013-01-01
2014,SEPT,Rio,224,2014-01-01
2015,SEPT,Rio,222,2015-01-01
2016,SEPT,Rio,628,2016-01-01
2017,SEPT,Rio,343,2017-01-01
1998,OCT,Rio,0,1998-01-01
1999,OCT,Rio,56,1999-01-01
2000,OCT,Rio,10,2000-01-01
2001,OCT,Rio,13,2001-01-01
2002,OCT,Rio,10,2002-01-01
2003,OCT,Rio,360,2003-01-01
2004,OCT,Rio,680,2004-01-01
2005,OCT,Rio,83,2005-01-01
2006,OCT,Rio,160,2006-01-01
2007,OCT,Rio,21,2007-01-01
2008,OCT,Rio,135,2008-01-01
2009,OCT,Rio,148,2009-01-01
2010,OCT,Rio,95,2010-01-01
2011,OCT,Rio,74,2011-01-01
2012,OCT,Rio,91,2012-01-01
2013,OCT,Rio,104,2013-01-01
2014,OCT,Rio,110,2014-01-01
2015,OCT,Rio,70,2015-01-01
2016,OCT,Rio,93,2016-01-01
2017,OCT,Rio,101,2017-01-01
1998,NOV,Rio,28,1998-01-01
1999,NOV,Rio,103,1999-01-01
2000,NOV,Rio,18,2000-01-01
2001,NOV,Rio,49,2001-01-01
2002,NOV,Rio,117,2002-01-01
2003,NOV,Rio,121,2003-01-01
2004,NOV,Rio,161,2004-01-01
2005,NOV,Rio,227,2005-01-01
2006,NOV,Rio,27,2006-01-01
2007,NOV,Rio,13,2007-01-01
2008,NOV,Rio,14,2008-01-01
2009,NOV,Rio,4,2009-01-01
2010,NOV,Rio,90,2010-01-01
2011,NOV,Rio,117,2011-01-01
2012,NOV,Rio,74,2012-01-01
2013,NOV,Rio,110,2013-01-01
2014,NOV,Rio,68,2014-01-01
2015,NOV,Rio,30,2015-01-01
2016,NOV,Rio,105,2016-01-01
2017,NOV,Rio,137,2017-01-01
1998,DEC,Rio,605,1998-01-01
1999,DEC,Rio,1,1999-01-01
2000,DEC,Rio,80,2000-01-01
2001,DEC,Rio,80,2001-01-01
2002,DEC,Rio,45,2002-01-01
2003,DEC,Rio,98,2003-01-01
2004,DEC,Rio,99,2004-01-01
2005,DEC,Rio,35,2005-01-01
2006,DEC,Rio,15,2006-01-01
2007,DEC,Rio,25,2007-01-01
2008,DEC,Rio,32,2008-01-01
2009,DEC,Rio,15,2009-01-01
2010,DEC,Rio,103,2010-01-01
2011,DEC,Rio,69,2011-01-01
2012,DEC,Rio,38,2012-01-01
2013,DEC,Rio,62,2013-01-01
2014,DEC,Rio,31,2014-01-01
2015,DEC,Rio,42,2015-01-01
2016,DEC,Rio,79,2016-01-01
1998,JAN,Rondonia,0,1998-01-01
1999,JAN,Rondonia,1,1999-01-01
2000,JAN,Rondonia,0,2000-01-01
2001,JAN,Rondonia,0,2001-01-01
2002,JAN,Rondonia,6,2002-01-01
2003,JAN,Rondonia,62,2003-01-01
2004,JAN,Rondonia,30,2004-01-01
2005,JAN,Rondonia,99,2005-01-01
2006,JAN,Rondonia,16,2006-01-01
2007,JAN,Rondonia,33,2007-01-01
2008,JAN,Rondonia,4,2008-01-01
2009,JAN,Rondonia,17,2009-01-01
2010,JAN,Rondonia,18,2010-01-01
2011,JAN,Rondonia,1,2011-01-01
2012,JAN,Rondonia,2,2012-01-01
2013,JAN,Rondonia,7,2013-01-01
2014,JAN,Rondonia,12,2014-01-01
2015,JAN,Rondonia,30,2015-01-01
2016,JAN,Rondonia,93,2016-01-01
2017,JAN,Rondonia,44,2017-01-01
1998,FEB,Rondonia,0,1998-01-01
1999,FEB,Rondonia,1,1999-01-01
2000,FEB,Rondonia,6,2000-01-01
2001,FEB,Rondonia,2,2001-01-01
2002,FEB,Rondonia,8,2002-01-01
2003,FEB,Rondonia,10,2003-01-01
2004,FEB,Rondonia,12,2004-01-01
2005,FEB,Rondonia,42,2005-01-01
2006,FEB,Rondonia,17,2006-01-01
2007,FEB,Rondonia,8,2007-01-01
2008,FEB,Rondonia,7,2008-01-01
2009,FEB,Rondonia,1,2009-01-01
2010,FEB,Rondonia,9,2010-01-01
2011,FEB,Rondonia,2,2011-01-01
2012,FEB,Rondonia,9,2012-01-01
2013,FEB,Rondonia,8,2013-01-01
2014,FEB,Rondonia,5,2014-01-01
2015,FEB,Rondonia,22,2015-01-01
2016,FEB,Rondonia,88,2016-01-01
2017,FEB,Rondonia,10,2017-01-01
1998,MAR,Rondonia,0,1998-01-01
1999,MAR,Rondonia,8,1999-01-01
2000,MAR,Rondonia,9,2000-01-01
2001,MAR,Rondonia,0,2001-01-01
2002,MAR,Rondonia,1,2002-01-01
2003,MAR,Rondonia,13,2003-01-01
2004,MAR,Rondonia,20,2004-01-01
2005,MAR,Rondonia,17,2005-01-01
2006,MAR,Rondonia,15,2006-01-01
2007,MAR,Rondonia,20,2007-01-01
2008,MAR,Rondonia,2,2008-01-01
2009,MAR,Rondonia,12,2009-01-01
2010,MAR,Rondonia,11,2010-01-01
2011,MAR,Rondonia,6,2011-01-01
2012,MAR,Rondonia,6,2012-01-01
2013,MAR,Rondonia,23,2013-01-01
2014,MAR,Rondonia,13,2014-01-01
2015,MAR,Rondonia,15,2015-01-01
2016,MAR,Rondonia,25,2016-01-01
2017,MAR,Rondonia,21,2017-01-01
1998,APR,Rondonia,0,1998-01-01
1999,APR,Rondonia,3,1999-01-01
2000,APR,Rondonia,0,2000-01-01
2001,APR,Rondonia,0,2001-01-01
2002,APR,Rondonia,3,2002-01-01
2003,APR,Rondonia,10,2003-01-01
2004,APR,Rondonia,14,2004-01-01
2005,APR,Rondonia,7,2005-01-01
2006,APR,Rondonia,0,2006-01-01
2007,APR,Rondonia,0,2007-01-01
2008,APR,Rondonia,8,2008-01-01
2009,APR,Rondonia,3,2009-01-01
2010,APR,Rondonia,19,2010-01-01
2011,APR,Rondonia,0,2011-01-01
2012,APR,Rondonia,12,2012-01-01
2013,APR,Rondonia,9,2013-01-01
2014,APR,Rondonia,15,2014-01-01
2015,APR,Rondonia,15,2015-01-01
2016,APR,Rondonia,59,2016-01-01
2017,APR,Rondonia,19,2017-01-01
1998,MAY,Rondonia,0,1998-01-01
1999,MAY,Rondonia,3,1999-01-01
2000,MAY,Rondonia,13,2000-01-01
2001,MAY,Rondonia,5,2001-01-01
2002,MAY,Rondonia,10,2002-01-01
2003,MAY,Rondonia,21,2003-01-01
2004,MAY,Rondonia,0,2004-01-01
2005,MAY,Rondonia,38,2005-01-01
2006,MAY,Rondonia,7,2006-01-01
2007,MAY,Rondonia,4,2007-01-01
2008,MAY,Rondonia,1,2008-01-01
2009,MAY,Rondonia,6,2009-01-01
2010,MAY,Rondonia,41,2010-01-01
2011,MAY,Rondonia,54,2011-01-01
2012,MAY,Rondonia,22,2012-01-01
2013,MAY,Rondonia,9,2013-01-01
2014,MAY,Rondonia,28,2014-01-01
2015,MAY,Rondonia,13,2015-01-01
2016,MAY,Rondonia,44,2016-01-01
2017,MAY,Rondonia,31,2017-01-01
1998,JUNE,Rondonia,26,1998-01-01
1999,JUNE,Rondonia,10,1999-01-01
2000,JUNE,Rondonia,54,2000-01-01
2001,JUNE,Rondonia,31,2001-01-01
2002,JUNE,Rondonia,141,2002-01-01
2003,JUNE,Rondonia,74,2003-01-01
2004,JUNE,Rondonia,151,2004-01-01
2005,JUNE,Rondonia,153,2005-01-01
2006,JUNE,Rondonia,40,2006-01-01
2007,JUNE,Rondonia,71,2007-01-01
2008,JUNE,Rondonia,11,2008-01-01
2009,JUNE,Rondonia,13,2009-01-01
2010,JUNE,Rondonia,0,2010-01-01
2011,JUNE,Rondonia,130,2011-01-01
2012,JUNE,Rondonia,32,2012-01-01
2013,JUNE,Rondonia,22,2013-01-01
2014,JUNE,Rondonia,92,2014-01-01
2015,JUNE,Rondonia,119,2015-01-01
2016,JUNE,Rondonia,170,2016-01-01
2017,JUNE,Rondonia,192,2017-01-01
1998,JULY,Rondonia,365,1998-01-01
1999,JULY,Rondonia,135,1999-01-01
2000,JULY,Rondonia,117,2000-01-01
2001,JULY,Rondonia,74,2001-01-01
2002,JULY,Rondonia,539,2002-01-01
2003,JULY,Rondonia,516,2003-01-01
2004,JULY,Rondonia,1,2004-01-01
2005,JULY,Rondonia,798,2005-01-01
2006,JULY,Rondonia,314,2006-01-01
2007,JULY,Rondonia,187,2007-01-01
2008,JULY,Rondonia,138,2008-01-01
2009,JULY,Rondonia,110,2009-01-01
2010,JULY,Rondonia,747,2010-01-01
2011,JULY,Rondonia,293,2011-01-01
2012,JULY,Rondonia,205,2012-01-01
2013,JULY,Rondonia,117,2013-01-01
2014,JULY,Rondonia,192,2014-01-01
2015,JULY,Rondonia,423,2015-01-01
2016,JULY,Rondonia,969,2016-01-01
2017,JULY,Rondonia,1,2017-01-01
1998,AUG,Rondonia,2,1998-01-01
1999,AUG,Rondonia,2,1999-01-01
2000,AUG,Rondonia,2,2000-01-01
2001,AUG,Rondonia,2,2001-01-01
2002,AUG,Rondonia,3,2002-01-01
2003,AUG,Rondonia,7,2003-01-01
2004,AUG,Rondonia,7,2004-01-01
2005,AUG,Rondonia,7,2005-01-01
2006,AUG,Rondonia,3,2006-01-01
2007,AUG,Rondonia,5,2007-01-01
2008,AUG,Rondonia,1,2008-01-01
2009,AUG,Rondonia,484,2009-01-01
2010,AUG,Rondonia,4,2010-01-01
2011,AUG,Rondonia,1,2011-01-01
2012,AUG,Rondonia,2,2012-01-01
2013,AUG,Rondonia,885,2013-01-01
2014,AUG,Rondonia,3,2014-01-01
2015,AUG,Rondonia,4,2015-01-01
2016,AUG,Rondonia,4,2016-01-01
2017,AUG,Rondonia,4,2017-01-01
1998,SEPT,Rondonia,4,1998-01-01
1999,SEPT,Rondonia,3,1999-01-01
2000,SEPT,Rondonia,2,2000-01-01
2001,SEPT,Rondonia,2,2001-01-01
2002,SEPT,Rondonia,7,2002-01-01
2003,SEPT,Rondonia,7,2003-01-01
2004,SEPT,Rondonia,13,2004-01-01
2005,SEPT,Rondonia,14,2005-01-01
2006,SEPT,Rondonia,10,2006-01-01
2007,SEPT,Rondonia,7,2007-01-01
2008,SEPT,Rondonia,4,2008-01-01
2009,SEPT,Rondonia,2,2009-01-01
2010,SEPT,Rondonia,5,2010-01-01
2011,SEPT,Rondonia,2,2011-01-01
2012,SEPT,Rondonia,2,2012-01-01
2013,SEPT,Rondonia,2,2013-01-01
2014,SEPT,Rondonia,3,2014-01-01
2015,SEPT,Rondonia,6,2015-01-01
2016,SEPT,Rondonia,4,2016-01-01
2017,SEPT,Rondonia,6,2017-01-01
1998,OCT,Rondonia,483,1998-01-01
1999,OCT,Rondonia,2,1999-01-01
2000,OCT,Rondonia,644,2000-01-01
2001,OCT,Rondonia,796,2001-01-01
2002,OCT,Rondonia,4,2002-01-01
2003,OCT,Rondonia,5,2003-01-01
2004,OCT,Rondonia,3,2004-01-01
2005,OCT,Rondonia,3,2005-01-01
2006,OCT,Rondonia,1,2006-01-01
2007,OCT,Rondonia,2,2007-01-01
2008,OCT,Rondonia,1,2008-01-01
2009,OCT,Rondonia,1,2009-01-01
2010,OCT,Rondonia,1,2010-01-01
2011,OCT,Rondonia,822,2011-01-01
2012,OCT,Rondonia,1,2012-01-01
2013,OCT,Rondonia,555,2013-01-01
2014,OCT,Rondonia,1,2014-01-01
2015,OCT,Rondonia,3,2015-01-01
2016,OCT,Rondonia,2,2016-01-01
2017,OCT,Rondonia,2,2017-01-01
1998,NOV,Rondonia,3,1998-01-01
1999,NOV,Rondonia,41,1999-01-01
2000,NOV,Rondonia,13,2000-01-01
2001,NOV,Rondonia,91,2001-01-01
2002,NOV,Rondonia,0,2002-01-01
2003,NOV,Rondonia,526,2003-01-01
2004,NOV,Rondonia,452,2004-01-01
2005,NOV,Rondonia,465,2005-01-01
2006,NOV,Rondonia,253,2006-01-01
2007,NOV,Rondonia,53,2007-01-01
2008,NOV,Rondonia,78,2008-01-01
2009,NOV,Rondonia,128,2009-01-01
2010,NOV,Rondonia,238,2010-01-01
2011,NOV,Rondonia,245,2011-01-01
2012,NOV,Rondonia,174,2012-01-01
2013,NOV,Rondonia,108,2013-01-01
2014,NOV,Rondonia,0,2014-01-01
2015,NOV,Rondonia,1,2015-01-01
2016,NOV,Rondonia,401,2016-01-01
2017,NOV,Rondonia,372,2017-01-01
1998,DEC,Rondonia,33,1998-01-01
1999,DEC,Rondonia,0,1999-01-01
2000,DEC,Rondonia,7,2000-01-01
2001,DEC,Rondonia,1,2001-01-01
2002,DEC,Rondonia,91,2002-01-01
2003,DEC,Rondonia,214,2003-01-01
2004,DEC,Rondonia,208,2004-01-01
2005,DEC,Rondonia,36,2005-01-01
2006,DEC,Rondonia,4,2006-01-01
2007,DEC,Rondonia,6,2007-01-01
2008,DEC,Rondonia,2,2008-01-01
2009,DEC,Rondonia,9,2009-01-01
2010,DEC,Rondonia,158,2010-01-01
2011,DEC,Rondonia,37,2011-01-01
2012,DEC,Rondonia,50,2012-01-01
2013,DEC,Rondonia,143,2013-01-01
2014,DEC,Rondonia,0,2014-01-01
2015,DEC,Rondonia,282,2015-01-01
2016,DEC,Rondonia,148,2016-01-01
1998,JAN,Roraima,0,1998-01-01
1999,JAN,Roraima,15,1999-01-01
2000,JAN,Roraima,18,2000-01-01
2001,JAN,Roraima,101,2001-01-01
2002,JAN,Roraima,302,2002-01-01
2003,JAN,Roraima,547,2003-01-01
2004,JAN,Roraima,355,2004-01-01
2005,JAN,Roraima,106,2005-01-01
2006,JAN,Roraima,70,2006-01-01
2007,JAN,Roraima,194,2007-01-01
2008,JAN,Roraima,245,2008-01-01
2009,JAN,Roraima,45,2009-01-01
2010,JAN,Roraima,351,2010-01-01
2011,JAN,Roraima,225,2011-01-01
2012,JAN,Roraima,217,2012-01-01
2013,JAN,Roraima,397,2013-01-01
2014,JAN,Roraima,355,2014-01-01
2015,JAN,Roraima,330,2015-01-01
2016,JAN,Roraima,2,2016-01-01
2017,JAN,Roraima,108,2017-01-01
1998,FEB,Roraima,0,1998-01-01
1999,FEB,Roraima,20,1999-01-01
2000,FEB,Roraima,57,2000-01-01
2001,FEB,Roraima,646,2001-01-01
2002,FEB,Roraima,476,2002-01-01
2003,FEB,Roraima,767,2003-01-01
2004,FEB,Roraima,259,2004-01-01
2005,FEB,Roraima,105,2005-01-01
2006,FEB,Roraima,283,2006-01-01
2007,FEB,Roraima,796,2007-01-01
2008,FEB,Roraima,138,2008-01-01
2009,FEB,Roraima,153,2009-01-01
2010,FEB,Roraima,0,2010-01-01
2011,FEB,Roraima,112,2011-01-01
2012,FEB,Roraima,130,2012-01-01
2013,FEB,Roraima,62,2013-01-01
2014,FEB,Roraima,226,2014-01-01
2015,FEB,Roraima,418,2015-01-01
2016,FEB,Roraima,171,2016-01-01
2017,FEB,Roraima,129,2017-01-01
1998,MAR,Roraima,0,1998-01-01
1999,MAR,Roraima,98,1999-01-01
2000,MAR,Roraima,125,2000-01-01
2001,MAR,Roraima,1,2001-01-01
2002,MAR,Roraima,820,2002-01-01
2003,MAR,Roraima,1,2003-01-01
2004,MAR,Roraima,276,2004-01-01
2005,MAR,Roraima,244,2005-01-01
2006,MAR,Roraima,385,2006-01-01
2007,MAR,Roraima,665,2007-01-01
2008,MAR,Roraima,422,2008-01-01
2009,MAR,Roraima,176,2009-01-01
2010,MAR,Roraima,417,2010-01-01
2011,MAR,Roraima,91,2011-01-01
2012,MAR,Roraima,99,2012-01-01
2013,MAR,Roraima,179,2013-01-01
2014,MAR,Roraima,494,2014-01-01
2015,MAR,Roraima,163,2015-01-01
2016,MAR,Roraima,1,2016-01-01
2017,MAR,Roraima,216,2017-01-01
1998,APR,Roraima,0,1998-01-01
1999,APR,Roraima,16,1999-01-01
2000,APR,Roraima,0,2000-01-01
2001,APR,Roraima,380,2001-01-01
2002,APR,Roraima,0,2002-01-01
2003,APR,Roraima,268,2003-01-01
2004,APR,Roraima,182,2004-01-01
2005,APR,Roraima,22,2005-01-01
2006,APR,Roraima,201,2006-01-01
2007,APR,Roraima,58,2007-01-01
2008,APR,Roraima,175,2008-01-01
2009,APR,Roraima,115,2009-01-01
2010,APR,Roraima,15,2010-01-01
2011,APR,Roraima,108,2011-01-01
2012,APR,Roraima,25,2012-01-01
2013,APR,Roraima,87,2013-01-01
2014,APR,Roraima,162,2014-01-01
2015,APR,Roraima,278,2015-01-01
2016,APR,Roraima,126,2016-01-01
2017,APR,Roraima,51,2017-01-01
1998,MAY,Roraima,0,1998-01-01
1999,MAY,Roraima,0,1999-01-01
2000,MAY,Roraima,7,2000-01-01
2001,MAY,Roraima,9,2001-01-01
2002,MAY,Roraima,0,2002-01-01
2003,MAY,Roraima,0,2003-01-01
2004,MAY,Roraima,2,2004-01-01
2005,MAY,Roraima,1,2005-01-01
2006,MAY,Roraima,0,2006-01-01
2007,MAY,Roraima,0,2007-01-01
2008,MAY,Roraima,8,2008-01-01
2009,MAY,Roraima,219,2009-01-01
2010,MAY,Roraima,3,2010-01-01
2011,MAY,Roraima,4,2011-01-01
2012,MAY,Roraima,18,2012-01-01
2013,MAY,Roraima,4,2013-01-01
2014,MAY,Roraima,58,2014-01-01
2015,MAY,Roraima,12,2015-01-01
2016,MAY,Roraima,22,2016-01-01
2017,MAY,Roraima,29,2017-01-01
1998,JUNE,Roraima,0,1998-01-01
1999,JUNE,Roraima,3,1999-01-01
2000,JUNE,Roraima,0,2000-01-01
2001,JUNE,Roraima,1,2001-01-01
2002,JUNE,Roraima,0,2002-01-01
2003,JUNE,Roraima,0,2003-01-01
2004,JUNE,Roraima,6,2004-01-01
2005,JUNE,Roraima,5,2005-01-01
2006,JUNE,Roraima,0,2006-01-01
2007,JUNE,Roraima,1,2007-01-01
2008,JUNE,Roraima,0,2008-01-01
2009,JUNE,Roraima,16,2009-01-01
2010,JUNE,Roraima,0,2010-01-01
2011,JUNE,Roraima,6,2011-01-01
2012,JUNE,Roraima,22,2012-01-01
2013,JUNE,Roraima,6,2013-01-01
2014,JUNE,Roraima,4,2014-01-01
2015,JUNE,Roraima,3,2015-01-01
2016,JUNE,Roraima,7,2016-01-01
2017,JUNE,Roraima,4,2017-01-01
1998,JULY,Roraima,1,1998-01-01
1999,JULY,Roraima,4,1999-01-01
2000,JULY,Roraima,0,2000-01-01
2001,JULY,Roraima,1,2001-01-01
2002,JULY,Roraima,7,2002-01-01
2003,JULY,Roraima,0,2003-01-01
2004,JULY,Roraima,2,2004-01-01
2005,JULY,Roraima,2,2005-01-01
2006,JULY,Roraima,0,2006-01-01
2007,JULY,Roraima,3,2007-01-01
2008,JULY,Roraima,0,2008-01-01
2009,JULY,Roraima,18,2009-01-01
2010,JULY,Roraima,1,2010-01-01
2011,JULY,Roraima,9,2011-01-01
2012,JULY,Roraima,2,2012-01-01
2013,JULY,Roraima,4,2013-01-01
2014,JULY,Roraima,9,2014-01-01
2015,JULY,Roraima,5,2015-01-01
2016,JULY,Roraima,0,2016-01-01
2017,JULY,Roraima,3,2017-01-01
1998,AUG,Roraima,0,1998-01-01
1999,AUG,Roraima,1,1999-01-01
2000,AUG,Roraima,9,2000-01-01
2001,AUG,Roraima,4,2001-01-01
2002,AUG,Roraima,7,2002-01-01
2003,AUG,Roraima,2,2003-01-01
2004,AUG,Roraima,18,2004-01-01
2005,AUG,Roraima,9,2005-01-01
2006,AUG,Roraima,4,2006-01-01
2007,AUG,Roraima,2,2007-01-01
2008,AUG,Roraima,0,2008-01-01
2009,AUG,Roraima,29,2009-01-01
2010,AUG,Roraima,3,2010-01-01
2011,AUG,Roraima,39,2011-01-01
2012,AUG,Roraima,4,2012-01-01
2013,AUG,Roraima,3,2013-01-01
2014,AUG,Roraima,12,2014-01-01
2015,AUG,Roraima,11,2015-01-01
2016,AUG,Roraima,11,2016-01-01
2017,AUG,Roraima,35,2017-01-01
1998,SEPT,Roraima,2,1998-01-01
1999,SEPT,Roraima,3,1999-01-01
2000,SEPT,Roraima,12,2000-01-01
2001,SEPT,Roraima,1,2001-01-01
2002,SEPT,Roraima,48,2002-01-01
2003,SEPT,Roraima,6,2003-01-01
2004,SEPT,Roraima,9,2004-01-01
2005,SEPT,Roraima,72,2005-01-01
2006,SEPT,Roraima,40,2006-01-01
2007,SEPT,Roraima,9,2007-01-01
2008,SEPT,Roraima,17,2008-01-01
2009,SEPT,Roraima,117,2009-01-01
2010,SEPT,Roraima,18,2010-01-01
2011,SEPT,Roraima,53,2011-01-01
2012,SEPT,Roraima,67,2012-01-01
2013,SEPT,Roraima,18,2013-01-01
2014,SEPT,Roraima,67,2014-01-01
2015,SEPT,Roraima,77,2015-01-01
2016,SEPT,Roraima,19,2016-01-01
2017,SEPT,Roraima,43,2017-01-01
1998,OCT,Roraima,1,1998-01-01
1999,OCT,Roraima,10,1999-01-01
2000,OCT,Roraima,25,2000-01-01
2001,OCT,Roraima,13,2001-01-01
2002,OCT,Roraima,191,2002-01-01
2003,OCT,Roraima,14,2003-01-01
2004,OCT,Roraima,53,2004-01-01
2005,OCT,Roraima,88,2005-01-01
2006,OCT,Roraima,135,2006-01-01
2007,OCT,Roraima,15,2007-01-01
2008,OCT,Roraima,78,2008-01-01
2009,OCT,Roraima,197,2009-01-01
2010,OCT,Roraima,64,2010-01-01
2011,OCT,Roraima,65,2011-01-01
2012,OCT,Roraima,152,2012-01-01
2013,OCT,Roraima,63,2013-01-01
2014,OCT,Roraima,61,2014-01-01
2015,OCT,Roraima,181,2015-01-01
2016,OCT,Roraima,101,2016-01-01
2017,OCT,Roraima,156,2017-01-01
1998,NOV,Roraima,1,1998-01-01
1999,NOV,Roraima,15,1999-01-01
2000,NOV,Roraima,32,2000-01-01
2001,NOV,Roraima,76,2001-01-01
2002,NOV,Roraima,133,2002-01-01
2003,NOV,Roraima,27,2003-01-01
2004,NOV,Roraima,135,2004-01-01
2005,NOV,Roraima,135,2005-01-01
2006,NOV,Roraima,26,2006-01-01
2007,NOV,Roraima,112,2007-01-01
2008,NOV,Roraima,39,2008-01-01
2009,NOV,Roraima,312,2009-01-01
2010,NOV,Roraima,27,2010-01-01
2011,NOV,Roraima,0,2011-01-01
2012,NOV,Roraima,187,2012-01-01
2013,NOV,Roraima,106,2013-01-01
2014,NOV,Roraima,143,2014-01-01
2015,NOV,Roraima,280,2015-01-01
2016,NOV,Roraima,71,2016-01-01
2017,NOV,Roraima,327,2017-01-01
1998,DEC,Roraima,16,1998-01-01
1999,DEC,Roraima,35,1999-01-01
2000,DEC,Roraima,77,2000-01-01
2001,DEC,Roraima,76,2001-01-01
2002,DEC,Roraima,199,2002-01-01
2003,DEC,Roraima,157,2003-01-01
2004,DEC,Roraima,160,2004-01-01
2005,DEC,Roraima,71,2005-01-01
2006,DEC,Roraima,101,2006-01-01
2007,DEC,Roraima,8,2007-01-01
2008,DEC,Roraima,5,2008-01-01
2009,DEC,Roraima,290,2009-01-01
2010,DEC,Roraima,73,2010-01-01
2011,DEC,Roraima,249,2011-01-01
2012,DEC,Roraima,78,2012-01-01
2013,DEC,Roraima,65,2013-01-01
2014,DEC,Roraima,277,2014-01-01
2015,DEC,Roraima,304,2015-01-01
2016,DEC,Roraima,136,2016-01-01
1998,JAN,Santa catarina,0,1998-01-01
1999,JAN,Santa catarina,11,1999-01-01
2000,JAN,Santa catarina,14,2000-01-01
2001,JAN,Santa catarina,11,2001-01-01
2002,JAN,Santa catarina,22,2002-01-01
2003,JAN,Santa catarina,45,2003-01-01
2004,JAN,Santa catarina,37,2004-01-01
2005,JAN,Santa catarina,46,2005-01-01
2006,JAN,Santa catarina,41,2006-01-01
2007,JAN,Santa catarina,9,2007-01-01
2008,JAN,Santa catarina,25,2008-01-01
2009,JAN,Santa catarina,21,2009-01-01
2010,JAN,Santa catarina,2,2010-01-01
2011,JAN,Santa catarina,9,2011-01-01
2012,JAN,Santa catarina,14,2012-01-01
2013,JAN,Santa catarina,18,2013-01-01
2014,JAN,Santa catarina,58,2014-01-01
2015,JAN,Santa catarina,28,2015-01-01
2016,JAN,Santa catarina,53,2016-01-01
2017,JAN,Santa catarina,46,2017-01-01
1998,FEB,Santa catarina,0,1998-01-01
1999,FEB,Santa catarina,2,1999-01-01
2000,FEB,Santa catarina,8,2000-01-01
2001,FEB,Santa catarina,0,2001-01-01
2002,FEB,Santa catarina,5,2002-01-01
2003,FEB,Santa catarina,43,2003-01-01
2004,FEB,Santa catarina,29,2004-01-01
2005,FEB,Santa catarina,46,2005-01-01
2006,FEB,Santa catarina,18,2006-01-01
2007,FEB,Santa catarina,14,2007-01-01
2008,FEB,Santa catarina,29,2008-01-01
2009,FEB,Santa catarina,7,2009-01-01
2010,FEB,Santa catarina,15,2010-01-01
2011,FEB,Santa catarina,1,2011-01-01
2012,FEB,Santa catarina,13,2012-01-01
2013,FEB,Santa catarina,12,2013-01-01
2014,FEB,Santa catarina,27,2014-01-01
2015,FEB,Santa catarina,23,2015-01-01
2016,FEB,Santa catarina,10,2016-01-01
2017,FEB,Santa catarina,31,2017-01-01
1998,MAR,Santa catarina,0,1998-01-01
1999,MAR,Santa catarina,7,1999-01-01
2000,MAR,Santa catarina,46,2000-01-01
2001,MAR,Santa catarina,1,2001-01-01
2002,MAR,Santa catarina,12,2002-01-01
2003,MAR,Santa catarina,58,2003-01-01
2004,MAR,Santa catarina,73,2004-01-01
2005,MAR,Santa catarina,92,2005-01-01
2006,MAR,Santa catarina,48,2006-01-01
2007,MAR,Santa catarina,23,2007-01-01
2008,MAR,Santa catarina,14,2008-01-01
2009,MAR,Santa catarina,33,2009-01-01
2010,MAR,Santa catarina,9,2010-01-01
2011,MAR,Santa catarina,8,2011-01-01
2012,MAR,Santa catarina,65,2012-01-01
2013,MAR,Santa catarina,14,2013-01-01
2014,MAR,Santa catarina,15,2014-01-01
2015,MAR,Santa catarina,37,2015-01-01
2016,MAR,Santa catarina,21,2016-01-01
2017,MAR,Santa catarina,12,2017-01-01
1998,APR,Santa catarina,0,1998-01-01
1999,APR,Santa catarina,0,1999-01-01
2000,APR,Santa catarina,7,2000-01-01
2001,APR,Santa catarina,1,2001-01-01
2002,APR,Santa catarina,7,2002-01-01
2003,APR,Santa catarina,120,2003-01-01
2004,APR,Santa catarina,59,2004-01-01
2005,APR,Santa catarina,25,2005-01-01
2006,APR,Santa catarina,30,2006-01-01
2007,APR,Santa catarina,2,2007-01-01
2008,APR,Santa catarina,31,2008-01-01
2009,APR,Santa catarina,57,2009-01-01
2010,APR,Santa catarina,19,2010-01-01
2011,APR,Santa catarina,5,2011-01-01
2012,APR,Santa catarina,40,2012-01-01
2013,APR,Santa catarina,46,2013-01-01
2014,APR,Santa catarina,34,2014-01-01
2015,APR,Santa catarina,32,2015-01-01
2016,APR,Santa catarina,36,2016-01-01
2017,APR,Santa catarina,26,2017-01-01
1998,MAY,Santa catarina,0,1998-01-01
1999,MAY,Santa catarina,1,1999-01-01
2000,MAY,Santa catarina,0,2000-01-01
2001,MAY,Santa catarina,2,2001-01-01
2002,MAY,Santa catarina,3,2002-01-01
2003,MAY,Santa catarina,84,2003-01-01
2004,MAY,Santa catarina,2,2004-01-01
2005,MAY,Santa catarina,21,2005-01-01
2006,MAY,Santa catarina,33,2006-01-01
2007,MAY,Santa catarina,2,2007-01-01
2008,MAY,Santa catarina,15,2008-01-01
2009,MAY,Santa catarina,33,2009-01-01
2010,MAY,Santa catarina,1,2010-01-01
2011,MAY,Santa catarina,16,2011-01-01
2012,MAY,Santa catarina,60,2012-01-01
2013,MAY,Santa catarina,52,2013-01-01
2014,MAY,Santa catarina,42,2014-01-01
2015,MAY,Santa catarina,70,2015-01-01
2016,MAY,Santa catarina,26,2016-01-01
2017,MAY,Santa catarina,36,2017-01-01
1998,JUNE,Santa catarina,2,1998-01-01
1999,JUNE,Santa catarina,0,1999-01-01
2000,JUNE,Santa catarina,2,2000-01-01
2001,JUNE,Santa catarina,1,2001-01-01
2002,JUNE,Santa catarina,0,2002-01-01
2003,JUNE,Santa catarina,68,2003-01-01
2004,JUNE,Santa catarina,127,2004-01-01
2005,JUNE,Santa catarina,58,2005-01-01
2006,JUNE,Santa catarina,32,2006-01-01
2007,JUNE,Santa catarina,11,2007-01-01
2008,JUNE,Santa catarina,2,2008-01-01
2009,JUNE,Santa catarina,14,2009-01-01
2010,JUNE,Santa catarina,1,2010-01-01
2011,JUNE,Santa catarina,26,2011-01-01
2012,JUNE,Santa catarina,42,2012-01-01
2013,JUNE,Santa catarina,31,2013-01-01
2014,JUNE,Santa catarina,3,2014-01-01
2015,JUNE,Santa catarina,104,2015-01-01
2016,JUNE,Santa catarina,79,2016-01-01
2017,JUNE,Santa catarina,70,2017-01-01
1998,JULY,Santa catarina,0,1998-01-01
1999,JULY,Santa catarina,2,1999-01-01
2000,JULY,Santa catarina,21,2000-01-01
2001,JULY,Santa catarina,5,2001-01-01
2002,JULY,Santa catarina,82,2002-01-01
2003,JULY,Santa catarina,43,2003-01-01
2004,JULY,Santa catarina,94,2004-01-01
2005,JULY,Santa catarina,90,2005-01-01
2006,JULY,Santa catarina,74,2006-01-01
2007,JULY,Santa catarina,12,2007-01-01
2008,JULY,Santa catarina,46,2008-01-01
2009,JULY,Santa catarina,26,2009-01-01
2010,JULY,Santa catarina,31,2010-01-01
2011,JULY,Santa catarina,31,2011-01-01
2012,JULY,Santa catarina,42,2012-01-01
2013,JULY,Santa catarina,69,2013-01-01
2014,JULY,Santa catarina,82,2014-01-01
2015,JULY,Santa catarina,45,2015-01-01
2016,JULY,Santa catarina,480,2016-01-01
2017,JULY,Santa catarina,591,2017-01-01
1998,AUG,Santa catarina,0,1998-01-01
1999,AUG,Santa catarina,51,1999-01-01
2000,AUG,Santa catarina,69,2000-01-01
2001,AUG,Santa catarina,24,2001-01-01
2002,AUG,Santa catarina,702,2002-01-01
2003,AUG,Santa catarina,2,2003-01-01
2004,AUG,Santa catarina,728,2004-01-01
2005,AUG,Santa catarina,391,2005-01-01
2006,AUG,Santa catarina,728,2006-01-01
2007,AUG,Santa catarina,462,2007-01-01
2008,AUG,Santa catarina,0,2008-01-01
2009,AUG,Santa catarina,759,2009-01-01
2010,AUG,Santa catarina,511,2010-01-01
2011,AUG,Santa catarina,175,2011-01-01
2012,AUG,Santa catarina,398,2012-01-01
2013,AUG,Santa catarina,236,2013-01-01
2014,AUG,Santa catarina,459,2014-01-01
2015,AUG,Santa catarina,379,2015-01-01
2016,AUG,Santa catarina,0,2016-01-01
2017,AUG,Santa catarina,713,2017-01-01
1998,SEPT,Santa catarina,6,1998-01-01
1999,SEPT,Santa catarina,101,1999-01-01
2000,SEPT,Santa catarina,36,2000-01-01
2001,SEPT,Santa catarina,18,2001-01-01
2002,SEPT,Santa catarina,416,2002-01-01
2003,SEPT,Santa catarina,1,2003-01-01
2004,SEPT,Santa catarina,755,2004-01-01
2005,SEPT,Santa catarina,116,2005-01-01
2006,SEPT,Santa catarina,530,2006-01-01
2007,SEPT,Santa catarina,617,2007-01-01
2008,SEPT,Santa catarina,233,2008-01-01
2009,SEPT,Santa catarina,47,2009-01-01
2010,SEPT,Santa catarina,198,2010-01-01
2011,SEPT,Santa catarina,450,2011-01-01
2012,SEPT,Santa catarina,188,2012-01-01
2013,SEPT,Santa catarina,303,2013-01-01
2014,SEPT,Santa catarina,208,2014-01-01
2015,SEPT,Santa catarina,156,2015-01-01
2016,SEPT,Santa catarina,644,2016-01-01
2017,SEPT,Santa catarina,626,2017-01-01
1998,OCT,Santa catarina,4,1998-01-01
1999,OCT,Santa catarina,16,1999-01-01
2000,OCT,Santa catarina,55,2000-01-01
2001,OCT,Santa catarina,26,2001-01-01
2002,OCT,Santa catarina,42,2002-01-01
2003,OCT,Santa catarina,669,2003-01-01
2004,OCT,Santa catarina,704,2004-01-01
2005,OCT,Santa catarina,197,2005-01-01
2006,OCT,Santa catarina,269,2006-01-01
2007,OCT,Santa catarina,35,2007-01-01
2008,OCT,Santa catarina,56,2008-01-01
2009,OCT,Santa catarina,252,2009-01-01
2010,OCT,Santa catarina,76,2010-01-01
2011,OCT,Santa catarina,102,2011-01-01
2012,OCT,Santa catarina,34,2012-01-01
2013,OCT,Santa catarina,0,2013-01-01
2014,OCT,Santa catarina,122,2014-01-01
2015,OCT,Santa catarina,21,2015-01-01
2016,OCT,Santa catarina,56,2016-01-01
2017,OCT,Santa catarina,51,2017-01-01
1998,NOV,Santa catarina,21,1998-01-01
1999,NOV,Santa catarina,84,1999-01-01
2000,NOV,Santa catarina,19,2000-01-01
2001,NOV,Santa catarina,66,2001-01-01
2002,NOV,Santa catarina,348,2002-01-01
2003,NOV,Santa catarina,347,2003-01-01
2004,NOV,Santa catarina,279,2004-01-01
2005,NOV,Santa catarina,384,2005-01-01
2006,NOV,Santa catarina,45,2006-01-01
2007,NOV,Santa catarina,26,2007-01-01
2008,NOV,Santa catarina,16,2008-01-01
2009,NOV,Santa catarina,61,2009-01-01
2010,NOV,Santa catarina,88,2010-01-01
2011,NOV,Santa catarina,79,2011-01-01
2012,NOV,Santa catarina,72,2012-01-01
2013,NOV,Santa catarina,84,2013-01-01
2014,NOV,Santa catarina,43,2014-01-01
2015,NOV,Santa catarina,9,2015-01-01
2016,NOV,Santa catarina,156,2016-01-01
2017,NOV,Santa catarina,152,2017-01-01
1998,DEC,Santa catarina,26,1998-01-01
1999,DEC,Santa catarina,89,1999-01-01
2000,DEC,Santa catarina,29,2000-01-01
2001,DEC,Santa catarina,45,2001-01-01
2002,DEC,Santa catarina,76,2002-01-01
2003,DEC,Santa catarina,129,2003-01-01
2004,DEC,Santa catarina,68,2004-01-01
2005,DEC,Santa catarina,17,2005-01-01
2006,DEC,Santa catarina,7,2006-01-01
2007,DEC,Santa catarina,17,2007-01-01
2008,DEC,Santa catarina,29,2008-01-01
2009,DEC,Santa catarina,20,2009-01-01
2010,DEC,Santa catarina,23,2010-01-01
2011,DEC,Santa catarina,24,2011-01-01
2012,DEC,Santa catarina,32,2012-01-01
2013,DEC,Santa catarina,0,2013-01-01
2014,DEC,Santa catarina,45,2014-01-01
2015,DEC,Santa catarina,19,2015-01-01
2016,DEC,Santa catarina,20,2016-01-01
1998,JAN,Sao paulo,0,1998-01-01
1999,JAN,Sao paulo,7,1999-01-01
2000,JAN,Sao paulo,36,2000-01-01
2001,JAN,Sao paulo,26,2001-01-01
2002,JAN,Sao paulo,19,2002-01-01
2003,JAN,Sao paulo,59,2003-01-01
2004,JAN,Sao paulo,37,2004-01-01
2005,JAN,Sao paulo,26,2005-01-01
2006,JAN,Sao paulo,76,2006-01-01
2007,JAN,Sao paulo,14,2007-01-01
2008,JAN,Sao paulo,34,2008-01-01
2009,JAN,Sao paulo,12,2009-01-01
2010,JAN,Sao paulo,45,2010-01-01
2011,JAN,Sao paulo,75,2011-01-01
2012,JAN,Sao paulo,38,2012-01-01
2013,JAN,Sao paulo,36,2013-01-01
2014,JAN,Sao paulo,99,2014-01-01
2015,JAN,Sao paulo,120,2015-01-01
2016,JAN,Sao paulo,85,2016-01-01
2017,JAN,Sao paulo,28,2017-01-01
1998,FEB,Sao paulo,0,1998-01-01
1999,FEB,Sao paulo,47,1999-01-01
2000,FEB,Sao paulo,25,2000-01-01
2001,FEB,Sao paulo,25,2001-01-01
2002,FEB,Sao paulo,19,2002-01-01
2003,FEB,Sao paulo,137,2003-01-01
2004,FEB,Sao paulo,41,2004-01-01
2005,FEB,Sao paulo,78,2005-01-01
2006,FEB,Sao paulo,59,2006-01-01
2007,FEB,Sao paulo,96,2007-01-01
2008,FEB,Sao paulo,30,2008-01-01
2009,FEB,Sao paulo,65,2009-01-01
2010,FEB,Sao paulo,152,2010-01-01
2011,FEB,Sao paulo,73,2011-01-01
2012,FEB,Sao paulo,81,2012-01-01
2013,FEB,Sao paulo,100,2013-01-01
2014,FEB,Sao paulo,112,2014-01-01
2015,FEB,Sao paulo,69,2015-01-01
2016,FEB,Sao paulo,188,2016-01-01
2017,FEB,Sao paulo,107,2017-01-01
1998,MAR,Sao paulo,0,1998-01-01
1999,MAR,Sao paulo,78,1999-01-01
2000,MAR,Sao paulo,26,2000-01-01
2001,MAR,Sao paulo,35,2001-01-01
2002,MAR,Sao paulo,111,2002-01-01
2003,MAR,Sao paulo,86,2003-01-01
2004,MAR,Sao paulo,73,2004-01-01
2005,MAR,Sao paulo,73,2005-01-01
2006,MAR,Sao paulo,106,2006-01-01
2007,MAR,Sao paulo,152,2007-01-01
2008,MAR,Sao paulo,72,2008-01-01
2009,MAR,Sao paulo,55,2009-01-01
2010,MAR,Sao paulo,111,2010-01-01
2011,MAR,Sao paulo,45,2011-01-01
2012,MAR,Sao paulo,99,2012-01-01
2013,MAR,Sao paulo,57,2013-01-01
2014,MAR,Sao paulo,75,2014-01-01
2015,MAR,Sao paulo,68,2015-01-01
2016,MAR,Sao paulo,82,2016-01-01
2017,MAR,Sao paulo,103,2017-01-01
1998,APR,Sao paulo,0,1998-01-01
1999,APR,Sao paulo,291,1999-01-01
2000,APR,Sao paulo,102,2000-01-01
2001,APR,Sao paulo,61,2001-01-01
2002,APR,Sao paulo,178,2002-01-01
2003,APR,Sao paulo,106,2003-01-01
2004,APR,Sao paulo,36,2004-01-01
2005,APR,Sao paulo,62,2005-01-01
2006,APR,Sao paulo,63,2006-01-01
2007,APR,Sao paulo,44,2007-01-01
2008,APR,Sao paulo,84,2008-01-01
2009,APR,Sao paulo,67,2009-01-01
2010,APR,Sao paulo,91,2010-01-01
2011,APR,Sao paulo,52,2011-01-01
2012,APR,Sao paulo,82,2012-01-01
2013,APR,Sao paulo,103,2013-01-01
2014,APR,Sao paulo,103,2014-01-01
2015,APR,Sao paulo,76,2015-01-01
2016,APR,Sao paulo,307,2016-01-01
2017,APR,Sao paulo,41,2017-01-01
1998,MAY,Sao paulo,0,1998-01-01
1999,MAY,Sao paulo,500,1999-01-01
2000,MAY,Sao paulo,300,2000-01-01
2001,MAY,Sao paulo,211,2001-01-01
2002,MAY,Sao paulo,319,2002-01-01
2003,MAY,Sao paulo,69,2003-01-01
2004,MAY,Sao paulo,60,2004-01-01
2005,MAY,Sao paulo,212,2005-01-01
2006,MAY,Sao paulo,88,2006-01-01
2007,MAY,Sao paulo,69,2007-01-01
2008,MAY,Sao paulo,40,2008-01-01
2009,MAY,Sao paulo,142,2009-01-01
2010,MAY,Sao paulo,150,2010-01-01
2011,MAY,Sao paulo,136,2011-01-01
2012,MAY,Sao paulo,82,2012-01-01
2013,MAY,Sao paulo,118,2013-01-01
2014,MAY,Sao paulo,181,2014-01-01
2015,MAY,Sao paulo,65,2015-01-01
2016,MAY,Sao paulo,139,2016-01-01
2017,MAY,Sao paulo,43,2017-01-01
1998,JUNE,Sao paulo,451,1998-01-01
1999,JUNE,Sao paulo,522,1999-01-01
2000,JUNE,Sao paulo,606,2000-01-01
2001,JUNE,Sao paulo,346,2001-01-01
2002,JUNE,Sao paulo,562,2002-01-01
2003,JUNE,Sao paulo,132,2003-01-01
2004,JUNE,Sao paulo,231,2004-01-01
2005,JUNE,Sao paulo,236,2005-01-01
2006,JUNE,Sao paulo,97,2006-01-01
2007,JUNE,Sao paulo,91,2007-01-01
2008,JUNE,Sao paulo,25,2008-01-01
2009,JUNE,Sao paulo,125,2009-01-01
2010,JUNE,Sao paulo,143,2010-01-01
2011,JUNE,Sao paulo,210,2011-01-01
2012,JUNE,Sao paulo,30,2012-01-01
2013,JUNE,Sao paulo,47,2013-01-01
2014,JUNE,Sao paulo,331,2014-01-01
2015,JUNE,Sao paulo,147,2015-01-01
2016,JUNE,Sao paulo,197,2016-01-01
2017,JUNE,Sao paulo,217,2017-01-01
1998,JULY,Sao paulo,596,1998-01-01
1999,JULY,Sao paulo,684,1999-01-01
2000,JULY,Sao paulo,770,2000-01-01
2001,JULY,Sao paulo,538,2001-01-01
2002,JULY,Sao paulo,448,2002-01-01
2003,JULY,Sao paulo,171,2003-01-01
2004,JULY,Sao paulo,342,2004-01-01
2005,JULY,Sao paulo,284,2005-01-01
2006,JULY,Sao paulo,245,2006-01-01
2007,JULY,Sao paulo,94,2007-01-01
2008,JULY,Sao paulo,126,2008-01-01
2009,JULY,Sao paulo,110,2009-01-01
2010,JULY,Sao paulo,600,2010-01-01
2011,JULY,Sao paulo,479,2011-01-01
2012,JULY,Sao paulo,179,2012-01-01
2013,JULY,Sao paulo,181,2013-01-01
2014,JULY,Sao paulo,476,2014-01-01
2015,JULY,Sao paulo,149,2015-01-01
2016,JULY,Sao paulo,687,2016-01-01
2017,JULY,Sao paulo,802,2017-01-01
1998,AUG,Sao paulo,581,1998-01-01
1999,AUG,Sao paulo,1,1999-01-01
2000,AUG,Sao paulo,915,2000-01-01
2001,AUG,Sao paulo,595,2001-01-01
2002,AUG,Sao paulo,719,2002-01-01
2003,AUG,Sao paulo,934,2003-01-01
2004,AUG,Sao paulo,794,2004-01-01
2005,AUG,Sao paulo,522,2005-01-01
2006,AUG,Sao paulo,572,2006-01-01
2007,AUG,Sao paulo,470,2007-01-01
2008,AUG,Sao paulo,153,2008-01-01
2009,AUG,Sao paulo,289,2009-01-01
2010,AUG,Sao paulo,2,2010-01-01
2011,AUG,Sao paulo,1,2011-01-01
2012,AUG,Sao paulo,435,2012-01-01
2013,AUG,Sao paulo,497,2013-01-01
2014,AUG,Sao paulo,1,2014-01-01
2015,AUG,Sao paulo,643,2015-01-01
2016,AUG,Sao paulo,797,2016-01-01
2017,AUG,Sao paulo,981,2017-01-01
1998,SEPT,Sao paulo,525,1998-01-01
1999,SEPT,Sao paulo,0,1999-01-01
2000,SEPT,Sao paulo,582,2000-01-01
2001,SEPT,Sao paulo,425,2001-01-01
2002,SEPT,Sao paulo,302,2002-01-01
2003,SEPT,Sao paulo,977,2003-01-01
2004,SEPT,Sao paulo,809,2004-01-01
2005,SEPT,Sao paulo,231,2005-01-01
2006,SEPT,Sao paulo,694,2006-01-01
2007,SEPT,Sao paulo,495,2007-01-01
2008,SEPT,Sao paulo,486,2008-01-01
2009,SEPT,Sao paulo,116,2009-01-01
2010,SEPT,Sao paulo,2,2010-01-01
2011,SEPT,Sao paulo,1,2011-01-01
2012,SEPT,Sao paulo,813,2012-01-01
2013,SEPT,Sao paulo,560,2013-01-01
2014,SEPT,Sao paulo,882,2014-01-01
2015,SEPT,Sao paulo,368,2015-01-01
2016,SEPT,Sao paulo,490,2016-01-01
2017,SEPT,Sao paulo,3,2017-01-01
1998,OCT,Sao paulo,434,1998-01-01
1999,OCT,Sao paulo,763,1999-01-01
2000,OCT,Sao paulo,647,2000-01-01
2001,OCT,Sao paulo,444,2001-01-01
2002,OCT,Sao paulo,733,2002-01-01
2003,OCT,Sao paulo,422,2003-01-01
2004,OCT,Sao paulo,195,2004-01-01
2005,OCT,Sao paulo,221,2005-01-01
2006,OCT,Sao paulo,153,2006-01-01
2007,OCT,Sao paulo,281,2007-01-01
2008,OCT,Sao paulo,87,2008-01-01
2009,OCT,Sao paulo,64,2009-01-01
2010,OCT,Sao paulo,260,2010-01-01
2011,OCT,Sao paulo,188,2011-01-01
2012,OCT,Sao paulo,206,2012-01-01
2013,OCT,Sao paulo,127,2013-01-01
2014,OCT,Sao paulo,887,2014-01-01
2015,OCT,Sao paulo,0,2015-01-01
2016,OCT,Sao paulo,177,2016-01-01
2017,OCT,Sao paulo,179,2017-01-01
1998,NOV,Sao paulo,488,1998-01-01
1999,NOV,Sao paulo,398,1999-01-01
2000,NOV,Sao paulo,96,2000-01-01
2001,NOV,Sao paulo,168,2001-01-01
2002,NOV,Sao paulo,72,2002-01-01
2003,NOV,Sao paulo,155,2003-01-01
2004,NOV,Sao paulo,144,2004-01-01
2005,NOV,Sao paulo,163,2005-01-01
2006,NOV,Sao paulo,43,2006-01-01
2007,NOV,Sao paulo,50,2007-01-01
2008,NOV,Sao paulo,20,2008-01-01
2009,NOV,Sao paulo,83,2009-01-01
2010,NOV,Sao paulo,104,2010-01-01
2011,NOV,Sao paulo,87,2011-01-01
2012,NOV,Sao paulo,50,2012-01-01
2013,NOV,Sao paulo,120,2013-01-01
2014,NOV,Sao paulo,56,2014-01-01
2015,NOV,Sao paulo,21,2015-01-01
2016,NOV,Sao paulo,39,2016-01-01
2017,NOV,Sao paulo,37,2017-01-01
1998,DEC,Sao paulo,121,1998-01-01
1999,DEC,Sao paulo,47,1999-01-01
2000,DEC,Sao paulo,23,2000-01-01
2001,DEC,Sao paulo,52,2001-01-01
2002,DEC,Sao paulo,57,2002-01-01
2003,DEC,Sao paulo,58,2003-01-01
2004,DEC,Sao paulo,102,2004-01-01
2005,DEC,Sao paulo,15,2005-01-01
2006,DEC,Sao paulo,13,2006-01-01
2007,DEC,Sao paulo,21,2007-01-01
2008,DEC,Sao paulo,36,2008-01-01
2009,DEC,Sao paulo,37,2009-01-01
2010,DEC,Sao paulo,52,2010-01-01
2011,DEC,Sao paulo,53,2011-01-01
2012,DEC,Sao paulo,64,2012-01-01
2013,DEC,Sao paulo,0,2013-01-01
2014,DEC,Sao paulo,57,2014-01-01
2015,DEC,Sao paulo,45,2015-01-01
2016,DEC,Sao paulo,47,2016-01-01
1998,JAN,Sergipe,0,1998-01-01
1999,JAN,Sergipe,36,1999-01-01
2000,JAN,Sergipe,1,2000-01-01
2001,JAN,Sergipe,2,2001-01-01
2002,JAN,Sergipe,1,2002-01-01
2003,JAN,Sergipe,198,2003-01-01
2004,JAN,Sergipe,16,2004-01-01
2005,JAN,Sergipe,80,2005-01-01
2006,JAN,Sergipe,36,2006-01-01
2007,JAN,Sergipe,56,2007-01-01
2008,JAN,Sergipe,100,2008-01-01
2009,JAN,Sergipe,60,2009-01-01
2010,JAN,Sergipe,29,2010-01-01
2011,JAN,Sergipe,36,2011-01-01
2012,JAN,Sergipe,39,2012-01-01
2013,JAN,Sergipe,34,2013-01-01
2014,JAN,Sergipe,20,2014-01-01
2015,JAN,Sergipe,44,2015-01-01
2016,JAN,Sergipe,9,2016-01-01
2017,JAN,Sergipe,31,2017-01-01
1998,FEB,Sergipe,0,1998-01-01
1999,FEB,Sergipe,25,1999-01-01
2000,FEB,Sergipe,6,2000-01-01
2001,FEB,Sergipe,2,2001-01-01
2002,FEB,Sergipe,6,2002-01-01
2003,FEB,Sergipe,50,2003-01-01
2004,FEB,Sergipe,10,2004-01-01
2005,FEB,Sergipe,19,2005-01-01
2006,FEB,Sergipe,36,2006-01-01
2007,FEB,Sergipe,22,2007-01-01
2008,FEB,Sergipe,67,2008-01-01
2009,FEB,Sergipe,64,2009-01-01
2010,FEB,Sergipe,33,2010-01-01
2011,FEB,Sergipe,31,2011-01-01
2012,FEB,Sergipe,34,2012-01-01
2013,FEB,Sergipe,47,2013-01-01
2014,FEB,Sergipe,18,2014-01-01
2015,FEB,Sergipe,40,2015-01-01
2016,FEB,Sergipe,22,2016-01-01
2017,FEB,Sergipe,18,2017-01-01
1998,MAR,Sergipe,0,1998-01-01
1999,MAR,Sergipe,18,1999-01-01
2000,MAR,Sergipe,6,2000-01-01
2001,MAR,Sergipe,1,2001-01-01
2002,MAR,Sergipe,7,2002-01-01
2003,MAR,Sergipe,62,2003-01-01
2004,MAR,Sergipe,36,2004-01-01
2005,MAR,Sergipe,28,2005-01-01
2006,MAR,Sergipe,41,2006-01-01
2007,MAR,Sergipe,2,2007-01-01
2008,MAR,Sergipe,43,2008-01-01
2009,MAR,Sergipe,29,2009-01-01
2010,MAR,Sergipe,44,2010-01-01
2011,MAR,Sergipe,47,2011-01-01
2012,MAR,Sergipe,71,2012-01-01
2013,MAR,Sergipe,0,2013-01-01
2014,MAR,Sergipe,33,2014-01-01
2015,MAR,Sergipe,49,2015-01-01
2016,MAR,Sergipe,26,2016-01-01
2017,MAR,Sergipe,16,2017-01-01
1998,APR,Sergipe,0,1998-01-01
1999,APR,Sergipe,6,1999-01-01
2000,APR,Sergipe,1,2000-01-01
2001,APR,Sergipe,0,2001-01-01
2002,APR,Sergipe,12,2002-01-01
2003,APR,Sergipe,48,2003-01-01
2004,APR,Sergipe,13,2004-01-01
2005,APR,Sergipe,8,2005-01-01
2006,APR,Sergipe,9,2006-01-01
2007,APR,Sergipe,1,2007-01-01
2008,APR,Sergipe,2,2008-01-01
2009,APR,Sergipe,19,2009-01-01
2010,APR,Sergipe,1,2010-01-01
2011,APR,Sergipe,12,2011-01-01
2012,APR,Sergipe,40,2012-01-01
2013,APR,Sergipe,15,2013-01-01
2014,APR,Sergipe,7,2014-01-01
2015,APR,Sergipe,35,2015-01-01
2016,APR,Sergipe,14,2016-01-01
2017,APR,Sergipe,8,2017-01-01
1998,MAY,Sergipe,0,1998-01-01
1999,MAY,Sergipe,0,1999-01-01
2000,MAY,Sergipe,0,2000-01-01
2001,MAY,Sergipe,3,2001-01-01
2002,MAY,Sergipe,0,2002-01-01
2003,MAY,Sergipe,2,2003-01-01
2004,MAY,Sergipe,5,2004-01-01
2005,MAY,Sergipe,0,2005-01-01
2006,MAY,Sergipe,0,2006-01-01
2007,MAY,Sergipe,0,2007-01-01
2008,MAY,Sergipe,0,2008-01-01
2009,MAY,Sergipe,0,2009-01-01
2010,MAY,Sergipe,0,2010-01-01
2011,MAY,Sergipe,0,2011-01-01
2012,MAY,Sergipe,17,2012-01-01
2013,MAY,Sergipe,1,2013-01-01
2014,MAY,Sergipe,1,2014-01-01
2015,MAY,Sergipe,11,2015-01-01
2016,MAY,Sergipe,9,2016-01-01
2017,MAY,Sergipe,1,2017-01-01
1998,JUNE,Sergipe,0,1998-01-01
1999,JUNE,Sergipe,0,1999-01-01
2000,JUNE,Sergipe,0,2000-01-01
2001,JUNE,Sergipe,0,2001-01-01
2002,JUNE,Sergipe,0,2002-01-01
2003,JUNE,Sergipe,0,2003-01-01
2004,JUNE,Sergipe,0,2004-01-01
2005,JUNE,Sergipe,0,2005-01-01
2006,JUNE,Sergipe,0,2006-01-01
2007,JUNE,Sergipe,0,2007-01-01
2008,JUNE,Sergipe,0,2008-01-01
2009,JUNE,Sergipe,2,2009-01-01
2010,JUNE,Sergipe,0,2010-01-01
2011,JUNE,Sergipe,1,2011-01-01
2012,JUNE,Sergipe,3,2012-01-01
2013,JUNE,Sergipe,1,2013-01-01
2014,JUNE,Sergipe,0,2014-01-01
2015,JUNE,Sergipe,3,2015-01-01
2016,JUNE,Sergipe,1,2016-01-01
2017,JUNE,Sergipe,0,2017-01-01
1998,JULY,Sergipe,0,1998-01-01
1999,JULY,Sergipe,0,1999-01-01
2000,JULY,Sergipe,0,2000-01-01
2001,JULY,Sergipe,0,2001-01-01
2002,JULY,Sergipe,0,2002-01-01
2003,JULY,Sergipe,0,2003-01-01
2004,JULY,Sergipe,0,2004-01-01
2005,JULY,Sergipe,0,2005-01-01
2006,JULY,Sergipe,0,2006-01-01
2007,JULY,Sergipe,0,2007-01-01
2008,JULY,Sergipe,0,2008-01-01
2009,JULY,Sergipe,0,2009-01-01
2010,JULY,Sergipe,0,2010-01-01
2011,JULY,Sergipe,0,2011-01-01
2012,JULY,Sergipe,1,2012-01-01
2013,JULY,Sergipe,0,2013-01-01
2014,JULY,Sergipe,0,2014-01-01
2015,JULY,Sergipe,0,2015-01-01
2016,JULY,Sergipe,0,2016-01-01
2017,JULY,Sergipe,0,2017-01-01
1998,AUG,Sergipe,0,1998-01-01
1999,AUG,Sergipe,0,1999-01-01
2000,AUG,Sergipe,0,2000-01-01
2001,AUG,Sergipe,0,2001-01-01
2002,AUG,Sergipe,2,2002-01-01
2003,AUG,Sergipe,0,2003-01-01
2004,AUG,Sergipe,0,2004-01-01
2005,AUG,Sergipe,0,2005-01-01
2006,AUG,Sergipe,0,2006-01-01
2007,AUG,Sergipe,0,2007-01-01
2008,AUG,Sergipe,0,2008-01-01
2009,AUG,Sergipe,0,2009-01-01
2010,AUG,Sergipe,0,2010-01-01
2011,AUG,Sergipe,1,2011-01-01
2012,AUG,Sergipe,0,2012-01-01
2013,AUG,Sergipe,0,2013-01-01
2014,AUG,Sergipe,0,2014-01-01
2015,AUG,Sergipe,0,2015-01-01
2016,AUG,Sergipe,6,2016-01-01
2017,AUG,Sergipe,0,2017-01-01
1998,SEPT,Sergipe,0,1998-01-01
1999,SEPT,Sergipe,0,1999-01-01
2000,SEPT,Sergipe,0,2000-01-01
2001,SEPT,Sergipe,1,2001-01-01
2002,SEPT,Sergipe,0,2002-01-01
2003,SEPT,Sergipe,3,2003-01-01
2004,SEPT,Sergipe,0,2004-01-01
2005,SEPT,Sergipe,2,2005-01-01
2006,SEPT,Sergipe,0,2006-01-01
2007,SEPT,Sergipe,0,2007-01-01
2008,SEPT,Sergipe,0,2008-01-01
2009,SEPT,Sergipe,1,2009-01-01
2010,SEPT,Sergipe,0,2010-01-01
2011,SEPT,Sergipe,0,2011-01-01
2012,SEPT,Sergipe,1,2012-01-01
2013,SEPT,Sergipe,1,2013-01-01
2014,SEPT,Sergipe,4,2014-01-01
2015,SEPT,Sergipe,1,2015-01-01
2016,SEPT,Sergipe,2,2016-01-01
2017,SEPT,Sergipe,0,2017-01-01
1998,OCT,Sergipe,0,1998-01-01
1999,OCT,Sergipe,0,1999-01-01
2000,OCT,Sergipe,3,2000-01-01
2001,OCT,Sergipe,5,2001-01-01
2002,OCT,Sergipe,20,2002-01-01
2003,OCT,Sergipe,2,2003-01-01
2004,OCT,Sergipe,0,2004-01-01
2005,OCT,Sergipe,11,2005-01-01
2006,OCT,Sergipe,3,2006-01-01
2007,OCT,Sergipe,3,2007-01-01
2008,OCT,Sergipe,0,2008-01-01
2009,OCT,Sergipe,1,2009-01-01
2010,OCT,Sergipe,1,2010-01-01
2011,OCT,Sergipe,5,2011-01-01
2012,OCT,Sergipe,1,2012-01-01
2013,OCT,Sergipe,3,2013-01-01
2014,OCT,Sergipe,3,2014-01-01
2015,OCT,Sergipe,6,2015-01-01
2016,OCT,Sergipe,10,2016-01-01
2017,OCT,Sergipe,0,2017-01-01
1998,NOV,Sergipe,12,1998-01-01
1999,NOV,Sergipe,3,1999-01-01
2000,NOV,Sergipe,0,2000-01-01
2001,NOV,Sergipe,5,2001-01-01
2002,NOV,Sergipe,57,2002-01-01
2003,NOV,Sergipe,2,2003-01-01
2004,NOV,Sergipe,41,2004-01-01
2005,NOV,Sergipe,23,2005-01-01
2006,NOV,Sergipe,5,2006-01-01
2007,NOV,Sergipe,7,2007-01-01
2008,NOV,Sergipe,17,2008-01-01
2009,NOV,Sergipe,9,2009-01-01
2010,NOV,Sergipe,16,2010-01-01
2011,NOV,Sergipe,4,2011-01-01
2012,NOV,Sergipe,6,2012-01-01
2013,NOV,Sergipe,7,2013-01-01
2014,NOV,Sergipe,9,2014-01-01
2015,NOV,Sergipe,47,2015-01-01
2016,NOV,Sergipe,17,2016-01-01
2017,NOV,Sergipe,1,2017-01-01
1998,DEC,Sergipe,8,1998-01-01
1999,DEC,Sergipe,5,1999-01-01
2000,DEC,Sergipe,0,2000-01-01
2001,DEC,Sergipe,5,2001-01-01
2002,DEC,Sergipe,103,2002-01-01
2003,DEC,Sergipe,36,2003-01-01
2004,DEC,Sergipe,66,2004-01-01
2005,DEC,Sergipe,29,2005-01-01
2006,DEC,Sergipe,17,2006-01-01
2007,DEC,Sergipe,33,2007-01-01
2008,DEC,Sergipe,14,2008-01-01
2009,DEC,Sergipe,21,2009-01-01
2010,DEC,Sergipe,19,2010-01-01
2011,DEC,Sergipe,36,2011-01-01
2012,DEC,Sergipe,18,2012-01-01
2013,DEC,Sergipe,9,2013-01-01
2014,DEC,Sergipe,9,2014-01-01
2015,DEC,Sergipe,63,2015-01-01
2016,DEC,Sergipe,36,2016-01-01
1998,JAN,Tocantins,0,1998-01-01
1999,JAN,Tocantins,36,1999-01-01
2000,JAN,Tocantins,15,2000-01-01
2001,JAN,Tocantins,19,2001-01-01
2002,JAN,Tocantins,35,2002-01-01
2003,JAN,Tocantins,35,2003-01-01
2004,JAN,Tocantins,40,2004-01-01
2005,JAN,Tocantins,66,2005-01-01
2006,JAN,Tocantins,91,2006-01-01
2007,JAN,Tocantins,34,2007-01-01
2008,JAN,Tocantins,28,2008-01-01
2009,JAN,Tocantins,43,2009-01-01
2010,JAN,Tocantins,79,2010-01-01
2011,JAN,Tocantins,14,2011-01-01
2012,JAN,Tocantins,12,2012-01-01
2013,JAN,Tocantins,50,2013-01-01
2014,JAN,Tocantins,89,2014-01-01
2015,JAN,Tocantins,186,2015-01-01
2016,JAN,Tocantins,42,2016-01-01
2017,JAN,Tocantins,61,2017-01-01
1998,FEB,Tocantins,0,1998-01-01
1999,FEB,Tocantins,1,1999-01-01
2000,FEB,Tocantins,6,2000-01-01
2001,FEB,Tocantins,6,2001-01-01
2002,FEB,Tocantins,48,2002-01-01
2003,FEB,Tocantins,15,2003-01-01
2004,FEB,Tocantins,7,2004-01-01
2005,FEB,Tocantins,27,2005-01-01
2006,FEB,Tocantins,14,2006-01-01
2007,FEB,Tocantins,8,2007-01-01
2008,FEB,Tocantins,6,2008-01-01
2009,FEB,Tocantins,21,2009-01-01
2010,FEB,Tocantins,32,2010-01-01
2011,FEB,Tocantins,13,2011-01-01
2012,FEB,Tocantins,45,2012-01-01
2013,FEB,Tocantins,37,2013-01-01
2014,FEB,Tocantins,73,2014-01-01
2015,FEB,Tocantins,65,2015-01-01
2016,FEB,Tocantins,383,2016-01-01
2017,FEB,Tocantins,25,2017-01-01
1998,MAR,Tocantins,0,1998-01-01
1999,MAR,Tocantins,1,1999-01-01
2000,MAR,Tocantins,4,2000-01-01
2001,MAR,Tocantins,0,2001-01-01
2002,MAR,Tocantins,33,2002-01-01
2003,MAR,Tocantins,19,2003-01-01
2004,MAR,Tocantins,23,2004-01-01
2005,MAR,Tocantins,13,2005-01-01
2006,MAR,Tocantins,11,2006-01-01
2007,MAR,Tocantins,99,2007-01-01
2008,MAR,Tocantins,4,2008-01-01
2009,MAR,Tocantins,23,2009-01-01
2010,MAR,Tocantins,120,2010-01-01
2011,MAR,Tocantins,16,2011-01-01
2012,MAR,Tocantins,80,2012-01-01
2013,MAR,Tocantins,60,2013-01-01
2014,MAR,Tocantins,58,2014-01-01
2015,MAR,Tocantins,85,2015-01-01
2016,MAR,Tocantins,165,2016-01-01
2017,MAR,Tocantins,98,2017-01-01
1998,APR,Tocantins,0,1998-01-01
1999,APR,Tocantins,9,1999-01-01
2000,APR,Tocantins,0,2000-01-01
2001,APR,Tocantins,19,2001-01-01
2002,APR,Tocantins,37,2002-01-01
2003,APR,Tocantins,64,2003-01-01
2004,APR,Tocantins,52,2004-01-01
2005,APR,Tocantins,52,2005-01-01
2006,APR,Tocantins,4,2006-01-01
2007,APR,Tocantins,22,2007-01-01
2008,APR,Tocantins,46,2008-01-01
2009,APR,Tocantins,5,2009-01-01
2010,APR,Tocantins,419,2010-01-01
2011,APR,Tocantins,106,2011-01-01
2012,APR,Tocantins,226,2012-01-01
2013,APR,Tocantins,130,2013-01-01
2014,APR,Tocantins,187,2014-01-01
2015,APR,Tocantins,88,2015-01-01
2016,APR,Tocantins,369,2016-01-01
2017,APR,Tocantins,164,2017-01-01
1998,MAY,Tocantins,0,1998-01-01
1999,MAY,Tocantins,24,1999-01-01
2000,MAY,Tocantins,69,2000-01-01
2001,MAY,Tocantins,48,2001-01-01
2002,MAY,Tocantins,138,2002-01-01
2003,MAY,Tocantins,96,2003-01-01
2004,MAY,Tocantins,350,2004-01-01
2005,MAY,Tocantins,236,2005-01-01
2006,MAY,Tocantins,0,2006-01-01
2007,MAY,Tocantins,250,2007-01-01
2008,MAY,Tocantins,0,2008-01-01
2009,MAY,Tocantins,91,2009-01-01
2010,MAY,Tocantins,580,2010-01-01
2011,MAY,Tocantins,354,2011-01-01
2012,MAY,Tocantins,467,2012-01-01
2013,MAY,Tocantins,373,2013-01-01
2014,MAY,Tocantins,618,2014-01-01
2015,MAY,Tocantins,512,2015-01-01
2016,MAY,Tocantins,778,2016-01-01
2017,MAY,Tocantins,576,2017-01-01
1998,JUNE,Tocantins,252,1998-01-01
1999,JUNE,Tocantins,113,1999-01-01
2000,JUNE,Tocantins,278,2000-01-01
2001,JUNE,Tocantins,305,2001-01-01
2002,JUNE,Tocantins,396,2002-01-01
2003,JUNE,Tocantins,329,2003-01-01
2004,JUNE,Tocantins,1,2004-01-01
2005,JUNE,Tocantins,669,2005-01-01
2006,JUNE,Tocantins,289,2006-01-01
2007,JUNE,Tocantins,591,2007-01-01
2008,JUNE,Tocantins,282,2008-01-01
2009,JUNE,Tocantins,421,2009-01-01
2010,JUNE,Tocantins,767,2010-01-01
2011,JUNE,Tocantins,717,2011-01-01
2012,JUNE,Tocantins,922,2012-01-01
2013,JUNE,Tocantins,873,2013-01-01
2014,JUNE,Tocantins,1,2014-01-01
2015,JUNE,Tocantins,1,2015-01-01
2016,JUNE,Tocantins,1,2016-01-01
2017,JUNE,Tocantins,1,2017-01-01
1998,JULY,Tocantins,640,1998-01-01
1999,JULY,Tocantins,373,1999-01-01
2000,JULY,Tocantins,500,2000-01-01
2001,JULY,Tocantins,830,2001-01-01
2002,JULY,Tocantins,976,2002-01-01
2003,JULY,Tocantins,762,2003-01-01
2004,JULY,Tocantins,1,2004-01-01
2005,JULY,Tocantins,1,2005-01-01
2006,JULY,Tocantins,430,2006-01-01
2007,JULY,Tocantins,982,2007-01-01
2008,JULY,Tocantins,441,2008-01-01
2009,JULY,Tocantins,989,2009-01-01
2010,JULY,Tocantins,2,2010-01-01
2011,JULY,Tocantins,1,2011-01-01
2012,JULY,Tocantins,2,2012-01-01
2013,JULY,Tocantins,1,2013-01-01
2014,JULY,Tocantins,1,2014-01-01
2015,JULY,Tocantins,1,2015-01-01
2016,JULY,Tocantins,3,2016-01-01
2017,JULY,Tocantins,0,2017-01-01
1998,AUG,Tocantins,4,1998-01-01
1999,AUG,Tocantins,1,1999-01-01
2000,AUG,Tocantins,2,2000-01-01
2001,AUG,Tocantins,2,2001-01-01
2002,AUG,Tocantins,3,2002-01-01
2003,AUG,Tocantins,1,2003-01-01
2004,AUG,Tocantins,2,2004-01-01
2005,AUG,Tocantins,2,2005-01-01
2006,AUG,Tocantins,1,2006-01-01
2007,AUG,Tocantins,5,2007-01-01
2008,AUG,Tocantins,845,2008-01-01
2009,AUG,Tocantins,1,2009-01-01
2010,AUG,Tocantins,8,2010-01-01
2011,AUG,Tocantins,2,2011-01-01
2012,AUG,Tocantins,4,2012-01-01
2013,AUG,Tocantins,2,2013-01-01
2014,AUG,Tocantins,3,2014-01-01
2015,AUG,Tocantins,3,2015-01-01
2016,AUG,Tocantins,3,2016-01-01
2017,AUG,Tocantins,4,2017-01-01
1998,SEPT,Tocantins,5,1998-01-01
1999,SEPT,Tocantins,3,1999-01-01
2000,SEPT,Tocantins,3,2000-01-01
2001,SEPT,Tocantins,5,2001-01-01
2002,SEPT,Tocantins,5,2002-01-01
2003,SEPT,Tocantins,5,2003-01-01
2004,SEPT,Tocantins,5,2004-01-01
2005,SEPT,Tocantins,5,2005-01-01
2006,SEPT,Tocantins,0,2006-01-01
2007,SEPT,Tocantins,7,2007-01-01
2008,SEPT,Tocantins,2,2008-01-01
2009,SEPT,Tocantins,2,2009-01-01
2010,SEPT,Tocantins,10,2010-01-01
2011,SEPT,Tocantins,5,2011-01-01
2012,SEPT,Tocantins,7,2012-01-01
2013,SEPT,Tocantins,2,2013-01-01
2014,SEPT,Tocantins,4,2014-01-01
2015,SEPT,Tocantins,6,2015-01-01
2016,SEPT,Tocantins,3,2016-01-01
2017,SEPT,Tocantins,11,2017-01-01
1998,OCT,Tocantins,2,1998-01-01
1999,OCT,Tocantins,1,1999-01-01
2000,OCT,Tocantins,1,2000-01-01
2001,OCT,Tocantins,684,2001-01-01
2002,OCT,Tocantins,2,2002-01-01
2003,OCT,Tocantins,1,2003-01-01
2004,OCT,Tocantins,2,2004-01-01
2005,OCT,Tocantins,3,2005-01-01
2006,OCT,Tocantins,1,2006-01-01
2007,OCT,Tocantins,2,2007-01-01
2008,OCT,Tocantins,3,2008-01-01
2009,OCT,Tocantins,718,2009-01-01
2010,OCT,Tocantins,2,2010-01-01
2011,OCT,Tocantins,2,2011-01-01
2012,OCT,Tocantins,4,2012-01-01
2013,OCT,Tocantins,2,2013-01-01
2014,OCT,Tocantins,4,2014-01-01
2015,OCT,Tocantins,5,2015-01-01
2016,OCT,Tocantins,2,2016-01-01
2017,OCT,Tocantins,3,2017-01-01
1998,NOV,Tocantins,0,1998-01-01
1999,NOV,Tocantins,29,1999-01-01
2000,NOV,Tocantins,96,2000-01-01
2001,NOV,Tocantins,100,2001-01-01
2002,NOV,Tocantins,207,2002-01-01
2003,NOV,Tocantins,146,2003-01-01
2004,NOV,Tocantins,424,2004-01-01
2005,NOV,Tocantins,271,2005-01-01
2006,NOV,Tocantins,108,2006-01-01
2007,NOV,Tocantins,147,2007-01-01
2008,NOV,Tocantins,104,2008-01-01
2009,NOV,Tocantins,251,2009-01-01
2010,NOV,Tocantins,283,2010-01-01
2011,NOV,Tocantins,0,2011-01-01
2012,NOV,Tocantins,179,2012-01-01
2013,NOV,Tocantins,345,2013-01-01
2014,NOV,Tocantins,451,2014-01-01
2015,NOV,Tocantins,833,2015-01-01
2016,NOV,Tocantins,623,2016-01-01
2017,NOV,Tocantins,434,2017-01-01
1998,DEC,Tocantins,9,1998-01-01
1999,DEC,Tocantins,16,1999-01-01
2000,DEC,Tocantins,20,2000-01-01
2001,DEC,Tocantins,21,2001-01-01
2002,DEC,Tocantins,39,2002-01-01
2003,DEC,Tocantins,109,2003-01-01
2004,DEC,Tocantins,96,2004-01-01
2005,DEC,Tocantins,53,2005-01-01
2006,DEC,Tocantins,15,2006-01-01
2007,DEC,Tocantins,13,2007-01-01
2008,DEC,Tocantins,7,2008-01-01
2009,DEC,Tocantins,46,2009-01-01
2010,DEC,Tocantins,72,2010-01-01
2011,DEC,Tocantins,105,2011-01-01
2012,DEC,Tocantins,128,2012-01-01
2013,DEC,Tocantins,85,2013-01-01
2014,DEC,Tocantins,223,2014-01-01
2015,DEC,Tocantins,373,2015-01-01
2016,DEC,Tocantins,119,2016-01-01
